--
-- PostgreSQL database dump
--

-- Dumped from database version 12.17 (Ubuntu 12.17-0ubuntu0.20.04.1)
-- Dumped by pg_dump version 12.17 (Ubuntu 12.17-0ubuntu0.20.04.1)

SET statement_timeout = 0;
SET lock_timeout = 0;
SET idle_in_transaction_session_timeout = 0;
SET client_encoding = 'UTF8';
SET standard_conforming_strings = on;
SELECT pg_catalog.set_config('search_path', '', false);
SET check_function_bodies = false;
SET xmloption = content;
SET client_min_messages = warning;
SET row_security = off;

SET default_tablespace = '';

SET default_table_access_method = heap;

--
-- Name: auth_group; Type: TABLE; Schema: public; Owner: maxcreative
--

CREATE TABLE public.auth_group (
    id integer NOT NULL,
    name character varying(150) NOT NULL
);


ALTER TABLE public.auth_group OWNER TO maxcreative;

--
-- Name: auth_group_id_seq; Type: SEQUENCE; Schema: public; Owner: maxcreative
--

ALTER TABLE public.auth_group ALTER COLUMN id ADD GENERATED BY DEFAULT AS IDENTITY (
    SEQUENCE NAME public.auth_group_id_seq
    START WITH 1
    INCREMENT BY 1
    NO MINVALUE
    NO MAXVALUE
    CACHE 1
);


--
-- Name: auth_group_permissions; Type: TABLE; Schema: public; Owner: maxcreative
--

CREATE TABLE public.auth_group_permissions (
    id bigint NOT NULL,
    group_id integer NOT NULL,
    permission_id integer NOT NULL
);


ALTER TABLE public.auth_group_permissions OWNER TO maxcreative;

--
-- Name: auth_group_permissions_id_seq; Type: SEQUENCE; Schema: public; Owner: maxcreative
--

ALTER TABLE public.auth_group_permissions ALTER COLUMN id ADD GENERATED BY DEFAULT AS IDENTITY (
    SEQUENCE NAME public.auth_group_permissions_id_seq
    START WITH 1
    INCREMENT BY 1
    NO MINVALUE
    NO MAXVALUE
    CACHE 1
);


--
-- Name: auth_permission; Type: TABLE; Schema: public; Owner: maxcreative
--

CREATE TABLE public.auth_permission (
    id integer NOT NULL,
    name character varying(255) NOT NULL,
    content_type_id integer NOT NULL,
    codename character varying(100) NOT NULL
);


ALTER TABLE public.auth_permission OWNER TO maxcreative;

--
-- Name: auth_permission_id_seq; Type: SEQUENCE; Schema: public; Owner: maxcreative
--

ALTER TABLE public.auth_permission ALTER COLUMN id ADD GENERATED BY DEFAULT AS IDENTITY (
    SEQUENCE NAME public.auth_permission_id_seq
    START WITH 1
    INCREMENT BY 1
    NO MINVALUE
    NO MAXVALUE
    CACHE 1
);


--
-- Name: auth_user; Type: TABLE; Schema: public; Owner: maxcreative
--

CREATE TABLE public.auth_user (
    id integer NOT NULL,
    password character varying(128) NOT NULL,
    last_login timestamp with time zone,
    is_superuser boolean NOT NULL,
    username character varying(150) NOT NULL,
    first_name character varying(150) NOT NULL,
    last_name character varying(150) NOT NULL,
    email character varying(254) NOT NULL,
    is_staff boolean NOT NULL,
    is_active boolean NOT NULL,
    date_joined timestamp with time zone NOT NULL
);


ALTER TABLE public.auth_user OWNER TO maxcreative;

--
-- Name: auth_user_groups; Type: TABLE; Schema: public; Owner: maxcreative
--

CREATE TABLE public.auth_user_groups (
    id bigint NOT NULL,
    user_id integer NOT NULL,
    group_id integer NOT NULL
);


ALTER TABLE public.auth_user_groups OWNER TO maxcreative;

--
-- Name: auth_user_groups_id_seq; Type: SEQUENCE; Schema: public; Owner: maxcreative
--

ALTER TABLE public.auth_user_groups ALTER COLUMN id ADD GENERATED BY DEFAULT AS IDENTITY (
    SEQUENCE NAME public.auth_user_groups_id_seq
    START WITH 1
    INCREMENT BY 1
    NO MINVALUE
    NO MAXVALUE
    CACHE 1
);


--
-- Name: auth_user_id_seq; Type: SEQUENCE; Schema: public; Owner: maxcreative
--

ALTER TABLE public.auth_user ALTER COLUMN id ADD GENERATED BY DEFAULT AS IDENTITY (
    SEQUENCE NAME public.auth_user_id_seq
    START WITH 1
    INCREMENT BY 1
    NO MINVALUE
    NO MAXVALUE
    CACHE 1
);


--
-- Name: auth_user_user_permissions; Type: TABLE; Schema: public; Owner: maxcreative
--

CREATE TABLE public.auth_user_user_permissions (
    id bigint NOT NULL,
    user_id integer NOT NULL,
    permission_id integer NOT NULL
);


ALTER TABLE public.auth_user_user_permissions OWNER TO maxcreative;

--
-- Name: auth_user_user_permissions_id_seq; Type: SEQUENCE; Schema: public; Owner: maxcreative
--

ALTER TABLE public.auth_user_user_permissions ALTER COLUMN id ADD GENERATED BY DEFAULT AS IDENTITY (
    SEQUENCE NAME public.auth_user_user_permissions_id_seq
    START WITH 1
    INCREMENT BY 1
    NO MINVALUE
    NO MAXVALUE
    CACHE 1
);


--
-- Name: contact_contact; Type: TABLE; Schema: public; Owner: maxcreative
--

CREATE TABLE public.contact_contact (
    id bigint NOT NULL,
    name character varying(256) NOT NULL,
    email character varying(256) NOT NULL,
    phone character varying(256) NOT NULL,
    prefix character varying(256) NOT NULL
);


ALTER TABLE public.contact_contact OWNER TO maxcreative;

--
-- Name: contact_contact_id_seq; Type: SEQUENCE; Schema: public; Owner: maxcreative
--

ALTER TABLE public.contact_contact ALTER COLUMN id ADD GENERATED BY DEFAULT AS IDENTITY (
    SEQUENCE NAME public.contact_contact_id_seq
    START WITH 1
    INCREMENT BY 1
    NO MINVALUE
    NO MAXVALUE
    CACHE 1
);


--
-- Name: contact_vebinar; Type: TABLE; Schema: public; Owner: maxcreative
--

CREATE TABLE public.contact_vebinar (
    id bigint NOT NULL,
    first_name character varying(256) NOT NULL,
    email character varying(256) NOT NULL,
    phone character varying(256) NOT NULL,
    prefix character varying(256) NOT NULL,
    last_name character varying(256) NOT NULL
);


ALTER TABLE public.contact_vebinar OWNER TO maxcreative;

--
-- Name: contact_vebinar_id_seq; Type: SEQUENCE; Schema: public; Owner: maxcreative
--

ALTER TABLE public.contact_vebinar ALTER COLUMN id ADD GENERATED BY DEFAULT AS IDENTITY (
    SEQUENCE NAME public.contact_vebinar_id_seq
    START WITH 1
    INCREMENT BY 1
    NO MINVALUE
    NO MAXVALUE
    CACHE 1
);


--
-- Name: contact_waitlist; Type: TABLE; Schema: public; Owner: maxcreative
--

CREATE TABLE public.contact_waitlist (
    id bigint NOT NULL,
    email character varying(256) NOT NULL
);


ALTER TABLE public.contact_waitlist OWNER TO maxcreative;

--
-- Name: contact_waitlist_id_seq; Type: SEQUENCE; Schema: public; Owner: maxcreative
--

ALTER TABLE public.contact_waitlist ALTER COLUMN id ADD GENERATED BY DEFAULT AS IDENTITY (
    SEQUENCE NAME public.contact_waitlist_id_seq
    START WITH 1
    INCREMENT BY 1
    NO MINVALUE
    NO MAXVALUE
    CACHE 1
);


--
-- Name: core_body; Type: TABLE; Schema: public; Owner: maxcreative
--

CREATE TABLE public.core_body (
    id bigint NOT NULL,
    name character varying(256) NOT NULL,
    script text NOT NULL,
    location character varying(1) NOT NULL
);


ALTER TABLE public.core_body OWNER TO maxcreative;

--
-- Name: core_body_id_seq; Type: SEQUENCE; Schema: public; Owner: maxcreative
--

ALTER TABLE public.core_body ALTER COLUMN id ADD GENERATED BY DEFAULT AS IDENTITY (
    SEQUENCE NAME public.core_body_id_seq
    START WITH 1
    INCREMENT BY 1
    NO MINVALUE
    NO MAXVALUE
    CACHE 1
);


--
-- Name: core_calendlyscript; Type: TABLE; Schema: public; Owner: maxcreative
--

CREATE TABLE public.core_calendlyscript (
    id bigint NOT NULL,
    name character varying(256) NOT NULL,
    script text NOT NULL
);


ALTER TABLE public.core_calendlyscript OWNER TO maxcreative;

--
-- Name: core_calendlyscript_id_seq; Type: SEQUENCE; Schema: public; Owner: maxcreative
--

ALTER TABLE public.core_calendlyscript ALTER COLUMN id ADD GENERATED BY DEFAULT AS IDENTITY (
    SEQUENCE NAME public.core_calendlyscript_id_seq
    START WITH 1
    INCREMENT BY 1
    NO MINVALUE
    NO MAXVALUE
    CACHE 1
);


--
-- Name: core_faq; Type: TABLE; Schema: public; Owner: maxcreative
--

CREATE TABLE public.core_faq (
    id bigint NOT NULL,
    question character varying(256) NOT NULL,
    answer character varying(256) NOT NULL,
    sort integer NOT NULL
);


ALTER TABLE public.core_faq OWNER TO maxcreative;

--
-- Name: core_faq_id_seq; Type: SEQUENCE; Schema: public; Owner: maxcreative
--

ALTER TABLE public.core_faq ALTER COLUMN id ADD GENERATED BY DEFAULT AS IDENTITY (
    SEQUENCE NAME public.core_faq_id_seq
    START WITH 1
    INCREMENT BY 1
    NO MINVALUE
    NO MAXVALUE
    CACHE 1
);


--
-- Name: core_feature; Type: TABLE; Schema: public; Owner: maxcreative
--

CREATE TABLE public.core_feature (
    id bigint NOT NULL,
    image character varying(100) NOT NULL,
    title character varying(256) NOT NULL,
    icon character varying(100) NOT NULL,
    description text NOT NULL,
    color character varying(256) NOT NULL
);


ALTER TABLE public.core_feature OWNER TO maxcreative;

--
-- Name: core_feature_id_seq; Type: SEQUENCE; Schema: public; Owner: maxcreative
--

ALTER TABLE public.core_feature ALTER COLUMN id ADD GENERATED BY DEFAULT AS IDENTITY (
    SEQUENCE NAME public.core_feature_id_seq
    START WITH 1
    INCREMENT BY 1
    NO MINVALUE
    NO MAXVALUE
    CACHE 1
);


--
-- Name: core_feedback; Type: TABLE; Schema: public; Owner: maxcreative
--

CREATE TABLE public.core_feedback (
    id bigint NOT NULL,
    user_image character varying(100) NOT NULL,
    full_name character varying(256) NOT NULL,
    "position" character varying(256) NOT NULL,
    text text NOT NULL,
    background_image character varying(100) NOT NULL
);


ALTER TABLE public.core_feedback OWNER TO maxcreative;

--
-- Name: core_feedback_id_seq; Type: SEQUENCE; Schema: public; Owner: maxcreative
--

ALTER TABLE public.core_feedback ALTER COLUMN id ADD GENERATED BY DEFAULT AS IDENTITY (
    SEQUENCE NAME public.core_feedback_id_seq
    START WITH 1
    INCREMENT BY 1
    NO MINVALUE
    NO MAXVALUE
    CACHE 1
);


--
-- Name: core_feedbacktr; Type: TABLE; Schema: public; Owner: maxcreative
--

CREATE TABLE public.core_feedbacktr (
    id bigint NOT NULL,
    user_image character varying(100) NOT NULL,
    full_name character varying(256) NOT NULL,
    "position" character varying(256) NOT NULL,
    text text NOT NULL,
    background_image character varying(100) NOT NULL
);


ALTER TABLE public.core_feedbacktr OWNER TO maxcreative;

--
-- Name: core_feedbacktr_id_seq; Type: SEQUENCE; Schema: public; Owner: maxcreative
--

ALTER TABLE public.core_feedbacktr ALTER COLUMN id ADD GENERATED BY DEFAULT AS IDENTITY (
    SEQUENCE NAME public.core_feedbacktr_id_seq
    START WITH 1
    INCREMENT BY 1
    NO MINVALUE
    NO MAXVALUE
    CACHE 1
);


--
-- Name: core_general; Type: TABLE; Schema: public; Owner: maxcreative
--

CREATE TABLE public.core_general (
    id bigint NOT NULL,
    site_title character varying(256) NOT NULL,
    meta_description character varying(256) NOT NULL,
    address character varying(256) NOT NULL,
    email character varying(256) NOT NULL,
    phone character varying(256) NOT NULL,
    copyright character varying(256) NOT NULL,
    logo character varying(100) NOT NULL,
    telegram_link character varying(256) NOT NULL,
    whatsapp_link character varying(256) NOT NULL,
    home_popup_video character varying(100),
    countdown_enddate timestamp with time zone,
    logo_white character varying(100),
    favicon character varying(100) NOT NULL
);


ALTER TABLE public.core_general OWNER TO maxcreative;

--
-- Name: core_general_id_seq; Type: SEQUENCE; Schema: public; Owner: maxcreative
--

ALTER TABLE public.core_general ALTER COLUMN id ADD GENERATED BY DEFAULT AS IDENTITY (
    SEQUENCE NAME public.core_general_id_seq
    START WITH 1
    INCREMENT BY 1
    NO MINVALUE
    NO MAXVALUE
    CACHE 1
);


--
-- Name: core_head; Type: TABLE; Schema: public; Owner: maxcreative
--

CREATE TABLE public.core_head (
    id bigint NOT NULL,
    name character varying(256) NOT NULL,
    script text NOT NULL
);


ALTER TABLE public.core_head OWNER TO maxcreative;

--
-- Name: core_head_id_seq; Type: SEQUENCE; Schema: public; Owner: maxcreative
--

ALTER TABLE public.core_head ALTER COLUMN id ADD GENERATED BY DEFAULT AS IDENTITY (
    SEQUENCE NAME public.core_head_id_seq
    START WITH 1
    INCREMENT BY 1
    NO MINVALUE
    NO MAXVALUE
    CACHE 1
);


--
-- Name: core_parametr; Type: TABLE; Schema: public; Owner: maxcreative
--

CREATE TABLE public.core_parametr (
    id bigint NOT NULL,
    leverage_tr double precision NOT NULL,
    leverage_az double precision NOT NULL,
    loan_interest_rate_tr double precision NOT NULL,
    loan_interest_rate_az double precision NOT NULL,
    appraisal_rate_tr double precision NOT NULL,
    appraisal_rate_az double precision NOT NULL,
    rental_growth_tr double precision NOT NULL,
    rental_growth_az double precision NOT NULL,
    diger_xercler_tr double precision NOT NULL,
    diger_xercler_az double precision NOT NULL,
    heyat_sigortasi_tr double precision NOT NULL,
    heyat_sigortasi_az double precision NOT NULL,
    kiraye_kofisent_tr double precision NOT NULL,
    kiraye_kofisent_az double precision NOT NULL,
    interest_rate_bank double precision NOT NULL,
    title character varying(256) NOT NULL
);


ALTER TABLE public.core_parametr OWNER TO maxcreative;

--
-- Name: core_parametr_id_seq; Type: SEQUENCE; Schema: public; Owner: maxcreative
--

ALTER TABLE public.core_parametr ALTER COLUMN id ADD GENERATED BY DEFAULT AS IDENTITY (
    SEQUENCE NAME public.core_parametr_id_seq
    START WITH 1
    INCREMENT BY 1
    NO MINVALUE
    NO MAXVALUE
    CACHE 1
);


--
-- Name: core_slider; Type: TABLE; Schema: public; Owner: maxcreative
--

CREATE TABLE public.core_slider (
    id bigint NOT NULL,
    title character varying(256) NOT NULL,
    text text,
    button_text character varying(256),
    button_url character varying(256),
    background_image character varying(100) NOT NULL,
    sorting integer NOT NULL,
    image_link character varying(256),
    button_color character varying(1) NOT NULL,
    button_text_color character varying(1) NOT NULL,
    black_layer_css character varying(256),
    black_layer_css_mobile character varying(256),
    mobile_title character varying(256)
);


ALTER TABLE public.core_slider OWNER TO maxcreative;

--
-- Name: core_slider_id_seq; Type: SEQUENCE; Schema: public; Owner: maxcreative
--

ALTER TABLE public.core_slider ALTER COLUMN id ADD GENERATED BY DEFAULT AS IDENTITY (
    SEQUENCE NAME public.core_slider_id_seq
    START WITH 1
    INCREMENT BY 1
    NO MINVALUE
    NO MAXVALUE
    CACHE 1
);


--
-- Name: core_slidertr; Type: TABLE; Schema: public; Owner: maxcreative
--

CREATE TABLE public.core_slidertr (
    id bigint NOT NULL,
    background_image character varying(100) NOT NULL,
    title character varying(256) NOT NULL,
    mobile_title character varying(256),
    text text,
    button_text character varying(256),
    button_url character varying(256),
    button_color character varying(1) NOT NULL,
    button_text_color character varying(1) NOT NULL,
    image_link character varying(256),
    sorting integer NOT NULL,
    black_layer_css character varying(256),
    black_layer_css_mobile character varying(256)
);


ALTER TABLE public.core_slidertr OWNER TO maxcreative;

--
-- Name: core_slidertr_id_seq; Type: SEQUENCE; Schema: public; Owner: maxcreative
--

ALTER TABLE public.core_slidertr ALTER COLUMN id ADD GENERATED BY DEFAULT AS IDENTITY (
    SEQUENCE NAME public.core_slidertr_id_seq
    START WITH 1
    INCREMENT BY 1
    NO MINVALUE
    NO MAXVALUE
    CACHE 1
);


--
-- Name: core_social; Type: TABLE; Schema: public; Owner: maxcreative
--

CREATE TABLE public.core_social (
    id bigint NOT NULL,
    link character varying(256) NOT NULL,
    icon character varying(100) NOT NULL,
    name character varying(256) NOT NULL
);


ALTER TABLE public.core_social OWNER TO maxcreative;

--
-- Name: core_social_id_seq; Type: SEQUENCE; Schema: public; Owner: maxcreative
--

ALTER TABLE public.core_social ALTER COLUMN id ADD GENERATED BY DEFAULT AS IDENTITY (
    SEQUENCE NAME public.core_social_id_seq
    START WITH 1
    INCREMENT BY 1
    NO MINVALUE
    NO MAXVALUE
    CACHE 1
);


--
-- Name: core_tablar; Type: TABLE; Schema: public; Owner: maxcreative
--

CREATE TABLE public.core_tablar (
    id bigint NOT NULL,
    title character varying(256),
    image character varying(100) NOT NULL,
    text character varying(256),
    icon character varying(100) NOT NULL
);


ALTER TABLE public.core_tablar OWNER TO maxcreative;

--
-- Name: core_tablar_id_seq; Type: SEQUENCE; Schema: public; Owner: maxcreative
--

ALTER TABLE public.core_tablar ALTER COLUMN id ADD GENERATED BY DEFAULT AS IDENTITY (
    SEQUENCE NAME public.core_tablar_id_seq
    START WITH 1
    INCREMENT BY 1
    NO MINVALUE
    NO MAXVALUE
    CACHE 1
);


--
-- Name: core_why; Type: TABLE; Schema: public; Owner: maxcreative
--

CREATE TABLE public.core_why (
    id bigint NOT NULL,
    icon character varying(100) NOT NULL,
    title character varying(256) NOT NULL,
    text character varying(256) NOT NULL,
    "position" character varying(256) NOT NULL
);


ALTER TABLE public.core_why OWNER TO maxcreative;

--
-- Name: core_why_id_seq; Type: SEQUENCE; Schema: public; Owner: maxcreative
--

ALTER TABLE public.core_why ALTER COLUMN id ADD GENERATED BY DEFAULT AS IDENTITY (
    SEQUENCE NAME public.core_why_id_seq
    START WITH 1
    INCREMENT BY 1
    NO MINVALUE
    NO MAXVALUE
    CACHE 1
);


--
-- Name: django_admin_log; Type: TABLE; Schema: public; Owner: maxcreative
--

CREATE TABLE public.django_admin_log (
    id integer NOT NULL,
    action_time timestamp with time zone NOT NULL,
    object_id text,
    object_repr character varying(200) NOT NULL,
    action_flag smallint NOT NULL,
    change_message text NOT NULL,
    content_type_id integer,
    user_id integer NOT NULL,
    CONSTRAINT django_admin_log_action_flag_check CHECK ((action_flag >= 0))
);


ALTER TABLE public.django_admin_log OWNER TO maxcreative;

--
-- Name: django_admin_log_id_seq; Type: SEQUENCE; Schema: public; Owner: maxcreative
--

ALTER TABLE public.django_admin_log ALTER COLUMN id ADD GENERATED BY DEFAULT AS IDENTITY (
    SEQUENCE NAME public.django_admin_log_id_seq
    START WITH 1
    INCREMENT BY 1
    NO MINVALUE
    NO MAXVALUE
    CACHE 1
);


--
-- Name: django_content_type; Type: TABLE; Schema: public; Owner: maxcreative
--

CREATE TABLE public.django_content_type (
    id integer NOT NULL,
    app_label character varying(100) NOT NULL,
    model character varying(100) NOT NULL
);


ALTER TABLE public.django_content_type OWNER TO maxcreative;

--
-- Name: django_content_type_id_seq; Type: SEQUENCE; Schema: public; Owner: maxcreative
--

ALTER TABLE public.django_content_type ALTER COLUMN id ADD GENERATED BY DEFAULT AS IDENTITY (
    SEQUENCE NAME public.django_content_type_id_seq
    START WITH 1
    INCREMENT BY 1
    NO MINVALUE
    NO MAXVALUE
    CACHE 1
);


--
-- Name: django_migrations; Type: TABLE; Schema: public; Owner: maxcreative
--

CREATE TABLE public.django_migrations (
    id bigint NOT NULL,
    app character varying(255) NOT NULL,
    name character varying(255) NOT NULL,
    applied timestamp with time zone NOT NULL
);


ALTER TABLE public.django_migrations OWNER TO maxcreative;

--
-- Name: django_migrations_id_seq; Type: SEQUENCE; Schema: public; Owner: maxcreative
--

ALTER TABLE public.django_migrations ALTER COLUMN id ADD GENERATED BY DEFAULT AS IDENTITY (
    SEQUENCE NAME public.django_migrations_id_seq
    START WITH 1
    INCREMENT BY 1
    NO MINVALUE
    NO MAXVALUE
    CACHE 1
);


--
-- Name: django_session; Type: TABLE; Schema: public; Owner: maxcreative
--

CREATE TABLE public.django_session (
    session_key character varying(40) NOT NULL,
    session_data text NOT NULL,
    expire_date timestamp with time zone NOT NULL
);


ALTER TABLE public.django_session OWNER TO maxcreative;

--
-- Name: django_summernote_attachment; Type: TABLE; Schema: public; Owner: maxcreative
--

CREATE TABLE public.django_summernote_attachment (
    id integer NOT NULL,
    name character varying(255),
    file character varying(100) NOT NULL,
    uploaded timestamp with time zone NOT NULL
);


ALTER TABLE public.django_summernote_attachment OWNER TO maxcreative;

--
-- Name: django_summernote_attachment_id_seq; Type: SEQUENCE; Schema: public; Owner: maxcreative
--

ALTER TABLE public.django_summernote_attachment ALTER COLUMN id ADD GENERATED BY DEFAULT AS IDENTITY (
    SEQUENCE NAME public.django_summernote_attachment_id_seq
    START WITH 1
    INCREMENT BY 1
    NO MINVALUE
    NO MAXVALUE
    CACHE 1
);


--
-- Name: offer_image; Type: TABLE; Schema: public; Owner: maxcreative
--

CREATE TABLE public.offer_image (
    id bigint NOT NULL,
    image character varying(100) NOT NULL,
    offer_id bigint NOT NULL
);


ALTER TABLE public.offer_image OWNER TO maxcreative;

--
-- Name: offer_image_id_seq; Type: SEQUENCE; Schema: public; Owner: maxcreative
--

ALTER TABLE public.offer_image ALTER COLUMN id ADD GENERATED BY DEFAULT AS IDENTITY (
    SEQUENCE NAME public.offer_image_id_seq
    START WITH 1
    INCREMENT BY 1
    NO MINVALUE
    NO MAXVALUE
    CACHE 1
);


--
-- Name: offer_message; Type: TABLE; Schema: public; Owner: maxcreative
--

CREATE TABLE public.offer_message (
    id bigint NOT NULL,
    first_name character varying(256) NOT NULL,
    last_name character varying(256) NOT NULL,
    phone character varying(256) NOT NULL,
    email character varying(256) NOT NULL,
    message text NOT NULL
);


ALTER TABLE public.offer_message OWNER TO maxcreative;

--
-- Name: offer_message_id_seq; Type: SEQUENCE; Schema: public; Owner: maxcreative
--

ALTER TABLE public.offer_message ALTER COLUMN id ADD GENERATED BY DEFAULT AS IDENTITY (
    SEQUENCE NAME public.offer_message_id_seq
    START WITH 1
    INCREMENT BY 1
    NO MINVALUE
    NO MAXVALUE
    CACHE 1
);


--
-- Name: offer_offer; Type: TABLE; Schema: public; Owner: maxcreative
--

CREATE TABLE public.offer_offer (
    id bigint NOT NULL,
    name character varying(256) NOT NULL,
    address character varying(256) NOT NULL,
    bath character varying(256) NOT NULL,
    bed character varying(256) NOT NULL,
    image character varying(100) NOT NULL,
    price integer NOT NULL,
    square character varying(256) NOT NULL,
    type character varying(1) NOT NULL,
    distance_to_airport character varying(256) NOT NULL,
    distance_to_beach character varying(256) NOT NULL,
    distance_to_center character varying(256) NOT NULL,
    installment character varying(256) NOT NULL,
    project_status character varying(256) NOT NULL,
    sea_view character varying(256) NOT NULL,
    state_guaranteed character varying(256) NOT NULL,
    suitable_for_citizenship character varying(256) NOT NULL,
    year_built character varying(256) NOT NULL,
    balcon character varying(256) NOT NULL,
    chambres character varying(256) NOT NULL,
    heating_system character varying(256) NOT NULL,
    indoor_parking character varying(256) NOT NULL,
    rooms character varying(256) NOT NULL,
    sanitaires character varying(256) NOT NULL,
    wc_qty character varying(256) NOT NULL,
    description text NOT NULL,
    ilkin_mebleg character varying(256),
    maks_ayliq_kiraye character varying(256),
    on_il_sonraki_qiymet character varying(256),
    real_bazar_qiymeti character varying(256),
    umumi_mebleg character varying(256),
    umumi_net_gelir character varying(256),
    "emlakın_deyeri" integer,
    ilkin_kapital integer,
    kiraye_geliri integer,
    kirayeci character varying(256) NOT NULL,
    net_qazanc integer,
    is_sold_out boolean NOT NULL
);


ALTER TABLE public.offer_offer OWNER TO maxcreative;

--
-- Name: offer_offer_id_seq; Type: SEQUENCE; Schema: public; Owner: maxcreative
--

ALTER TABLE public.offer_offer ALTER COLUMN id ADD GENERATED BY DEFAULT AS IDENTITY (
    SEQUENCE NAME public.offer_offer_id_seq
    START WITH 1
    INCREMENT BY 1
    NO MINVALUE
    NO MAXVALUE
    CACHE 1
);


--
-- Name: statik_advantagesection; Type: TABLE; Schema: public; Owner: maxcreative
--

CREATE TABLE public.statik_advantagesection (
    id bigint NOT NULL,
    title character varying(256) NOT NULL,
    text text NOT NULL
);


ALTER TABLE public.statik_advantagesection OWNER TO maxcreative;

--
-- Name: statik_advantagesection_id_seq; Type: SEQUENCE; Schema: public; Owner: maxcreative
--

ALTER TABLE public.statik_advantagesection ALTER COLUMN id ADD GENERATED BY DEFAULT AS IDENTITY (
    SEQUENCE NAME public.statik_advantagesection_id_seq
    START WITH 1
    INCREMENT BY 1
    NO MINVALUE
    NO MAXVALUE
    CACHE 1
);


--
-- Name: statik_coffeesection; Type: TABLE; Schema: public; Owner: maxcreative
--

CREATE TABLE public.statik_coffeesection (
    id bigint NOT NULL,
    title character varying(256) NOT NULL,
    button_text character varying(256) NOT NULL,
    user1_image character varying(100) NOT NULL,
    user1_name character varying(256) NOT NULL,
    user1_profession character varying(256) NOT NULL,
    user2_image character varying(100) NOT NULL,
    user2_name character varying(256) NOT NULL,
    user2_profession character varying(256) NOT NULL
);


ALTER TABLE public.statik_coffeesection OWNER TO maxcreative;

--
-- Name: statik_coffeesection_id_seq; Type: SEQUENCE; Schema: public; Owner: maxcreative
--

ALTER TABLE public.statik_coffeesection ALTER COLUMN id ADD GENERATED BY DEFAULT AS IDENTITY (
    SEQUENCE NAME public.statik_coffeesection_id_seq
    START WITH 1
    INCREMENT BY 1
    NO MINVALUE
    NO MAXVALUE
    CACHE 1
);


--
-- Name: statik_feedbacksection; Type: TABLE; Schema: public; Owner: maxcreative
--

CREATE TABLE public.statik_feedbacksection (
    id bigint NOT NULL,
    title character varying(256) NOT NULL
);


ALTER TABLE public.statik_feedbacksection OWNER TO maxcreative;

--
-- Name: statik_feedbacksection_id_seq; Type: SEQUENCE; Schema: public; Owner: maxcreative
--

ALTER TABLE public.statik_feedbacksection ALTER COLUMN id ADD GENERATED BY DEFAULT AS IDENTITY (
    SEQUENCE NAME public.statik_feedbacksection_id_seq
    START WITH 1
    INCREMENT BY 1
    NO MINVALUE
    NO MAXVALUE
    CACHE 1
);


--
-- Name: statik_form1; Type: TABLE; Schema: public; Owner: maxcreative
--

CREATE TABLE public.statik_form1 (
    id bigint NOT NULL,
    title character varying(256) NOT NULL,
    sub_title character varying(256) NOT NULL,
    success_text character varying(256) NOT NULL,
    button_text character varying(256) NOT NULL,
    text1 character varying(256) NOT NULL,
    text2 character varying(256) NOT NULL
);


ALTER TABLE public.statik_form1 OWNER TO maxcreative;

--
-- Name: statik_form1_id_seq; Type: SEQUENCE; Schema: public; Owner: maxcreative
--

ALTER TABLE public.statik_form1 ALTER COLUMN id ADD GENERATED BY DEFAULT AS IDENTITY (
    SEQUENCE NAME public.statik_form1_id_seq
    START WITH 1
    INCREMENT BY 1
    NO MINVALUE
    NO MAXVALUE
    CACHE 1
);


--
-- Name: statik_form2; Type: TABLE; Schema: public; Owner: maxcreative
--

CREATE TABLE public.statik_form2 (
    id bigint NOT NULL,
    success_text character varying(256) NOT NULL,
    button_text character varying(256) NOT NULL
);


ALTER TABLE public.statik_form2 OWNER TO maxcreative;

--
-- Name: statik_form2_id_seq; Type: SEQUENCE; Schema: public; Owner: maxcreative
--

ALTER TABLE public.statik_form2 ALTER COLUMN id ADD GENERATED BY DEFAULT AS IDENTITY (
    SEQUENCE NAME public.statik_form2_id_seq
    START WITH 1
    INCREMENT BY 1
    NO MINVALUE
    NO MAXVALUE
    CACHE 1
);


--
-- Name: statik_form3; Type: TABLE; Schema: public; Owner: maxcreative
--

CREATE TABLE public.statik_form3 (
    id bigint NOT NULL,
    success_text character varying(256) NOT NULL,
    button_text character varying(256) NOT NULL
);


ALTER TABLE public.statik_form3 OWNER TO maxcreative;

--
-- Name: statik_form3_id_seq; Type: SEQUENCE; Schema: public; Owner: maxcreative
--

ALTER TABLE public.statik_form3 ALTER COLUMN id ADD GENERATED BY DEFAULT AS IDENTITY (
    SEQUENCE NAME public.statik_form3_id_seq
    START WITH 1
    INCREMENT BY 1
    NO MINVALUE
    NO MAXVALUE
    CACHE 1
);


--
-- Name: statik_form4; Type: TABLE; Schema: public; Owner: maxcreative
--

CREATE TABLE public.statik_form4 (
    id bigint NOT NULL,
    title character varying(256) NOT NULL,
    sub_title character varying(256) NOT NULL,
    success_text character varying(256) NOT NULL,
    button_text character varying(256) NOT NULL
);


ALTER TABLE public.statik_form4 OWNER TO maxcreative;

--
-- Name: statik_form4_id_seq; Type: SEQUENCE; Schema: public; Owner: maxcreative
--

ALTER TABLE public.statik_form4 ALTER COLUMN id ADD GENERATED BY DEFAULT AS IDENTITY (
    SEQUENCE NAME public.statik_form4_id_seq
    START WITH 1
    INCREMENT BY 1
    NO MINVALUE
    NO MAXVALUE
    CACHE 1
);


--
-- Name: statik_formsection; Type: TABLE; Schema: public; Owner: maxcreative
--

CREATE TABLE public.statik_formsection (
    id bigint NOT NULL,
    title character varying(256) NOT NULL,
    sub_title character varying(256) NOT NULL,
    text text NOT NULL,
    form_button_text character varying(256) NOT NULL,
    form_button_link character varying(256) NOT NULL,
    image character varying(100) NOT NULL
);


ALTER TABLE public.statik_formsection OWNER TO maxcreative;

--
-- Name: statik_formsection_id_seq; Type: SEQUENCE; Schema: public; Owner: maxcreative
--

ALTER TABLE public.statik_formsection ALTER COLUMN id ADD GENERATED BY DEFAULT AS IDENTITY (
    SEQUENCE NAME public.statik_formsection_id_seq
    START WITH 1
    INCREMENT BY 1
    NO MINVALUE
    NO MAXVALUE
    CACHE 1
);


--
-- Name: statik_gelirihesablabanner; Type: TABLE; Schema: public; Owner: maxcreative
--

CREATE TABLE public.statik_gelirihesablabanner (
    id bigint NOT NULL,
    text character varying(256) NOT NULL,
    background_image character varying(100) NOT NULL,
    button_text character varying(256) NOT NULL,
    button_link character varying(256) NOT NULL
);


ALTER TABLE public.statik_gelirihesablabanner OWNER TO maxcreative;

--
-- Name: statik_gelirihesablabanner_id_seq; Type: SEQUENCE; Schema: public; Owner: maxcreative
--

ALTER TABLE public.statik_gelirihesablabanner ALTER COLUMN id ADD GENERATED BY DEFAULT AS IDENTITY (
    SEQUENCE NAME public.statik_gelirihesablabanner_id_seq
    START WITH 1
    INCREMENT BY 1
    NO MINVALUE
    NO MAXVALUE
    CACHE 1
);


--
-- Name: statik_getconsultationsection; Type: TABLE; Schema: public; Owner: maxcreative
--

CREATE TABLE public.statik_getconsultationsection (
    id bigint NOT NULL,
    title text NOT NULL,
    text text NOT NULL,
    button_text character varying(256) NOT NULL,
    button_link character varying(256) NOT NULL
);


ALTER TABLE public.statik_getconsultationsection OWNER TO maxcreative;

--
-- Name: statik_getconsultationsection_id_seq; Type: SEQUENCE; Schema: public; Owner: maxcreative
--

ALTER TABLE public.statik_getconsultationsection ALTER COLUMN id ADD GENERATED BY DEFAULT AS IDENTITY (
    SEQUENCE NAME public.statik_getconsultationsection_id_seq
    START WITH 1
    INCREMENT BY 1
    NO MINVALUE
    NO MAXVALUE
    CACHE 1
);


--
-- Name: statik_mainsection; Type: TABLE; Schema: public; Owner: maxcreative
--

CREATE TABLE public.statik_mainsection (
    id bigint NOT NULL,
    title text NOT NULL,
    text text NOT NULL,
    button_text character varying(256) NOT NULL,
    button_link character varying(256) NOT NULL,
    background_image character varying(100) NOT NULL,
    text2 text NOT NULL,
    text3 text NOT NULL
);


ALTER TABLE public.statik_mainsection OWNER TO maxcreative;

--
-- Name: statik_mainsection_id_seq; Type: SEQUENCE; Schema: public; Owner: maxcreative
--

ALTER TABLE public.statik_mainsection ALTER COLUMN id ADD GENERATED BY DEFAULT AS IDENTITY (
    SEQUENCE NAME public.statik_mainsection_id_seq
    START WITH 1
    INCREMENT BY 1
    NO MINVALUE
    NO MAXVALUE
    CACHE 1
);


--
-- Name: statik_muzakireedek; Type: TABLE; Schema: public; Owner: maxcreative
--

CREATE TABLE public.statik_muzakireedek (
    id bigint NOT NULL,
    title character varying(256) NOT NULL,
    text text NOT NULL,
    button_text character varying(256) NOT NULL,
    button_link character varying(256) NOT NULL,
    image character varying(100) NOT NULL
);


ALTER TABLE public.statik_muzakireedek OWNER TO maxcreative;

--
-- Name: statik_muzakireedek_id_seq; Type: SEQUENCE; Schema: public; Owner: maxcreative
--

ALTER TABLE public.statik_muzakireedek ALTER COLUMN id ADD GENERATED BY DEFAULT AS IDENTITY (
    SEQUENCE NAME public.statik_muzakireedek_id_seq
    START WITH 1
    INCREMENT BY 1
    NO MINVALUE
    NO MAXVALUE
    CACHE 1
);


--
-- Name: statik_niyesecirler; Type: TABLE; Schema: public; Owner: maxcreative
--

CREATE TABLE public.statik_niyesecirler (
    id bigint NOT NULL,
    title character varying(256) NOT NULL,
    title1 character varying(256) NOT NULL,
    text1 text NOT NULL,
    title2 character varying(256) NOT NULL,
    text2 text NOT NULL,
    title3 character varying(256) NOT NULL,
    text3 text NOT NULL,
    title4 character varying(256) NOT NULL,
    text4 text NOT NULL
);


ALTER TABLE public.statik_niyesecirler OWNER TO maxcreative;

--
-- Name: statik_niyesecirler_id_seq; Type: SEQUENCE; Schema: public; Owner: maxcreative
--

ALTER TABLE public.statik_niyesecirler ALTER COLUMN id ADD GENERATED BY DEFAULT AS IDENTITY (
    SEQUENCE NAME public.statik_niyesecirler_id_seq
    START WITH 1
    INCREMENT BY 1
    NO MINVALUE
    NO MAXVALUE
    CACHE 1
);


--
-- Name: statik_offerssection; Type: TABLE; Schema: public; Owner: maxcreative
--

CREATE TABLE public.statik_offerssection (
    id bigint NOT NULL,
    title character varying(256) NOT NULL,
    text text NOT NULL,
    form_button_text character varying(256) NOT NULL,
    form_button_url character varying(256) NOT NULL,
    form_text character varying(256) NOT NULL,
    title2 character varying(256) NOT NULL,
    title3 character varying(256) NOT NULL
);


ALTER TABLE public.statik_offerssection OWNER TO maxcreative;

--
-- Name: statik_offerssection_id_seq; Type: SEQUENCE; Schema: public; Owner: maxcreative
--

ALTER TABLE public.statik_offerssection ALTER COLUMN id ADD GENERATED BY DEFAULT AS IDENTITY (
    SEQUENCE NAME public.statik_offerssection_id_seq
    START WITH 1
    INCREMENT BY 1
    NO MINVALUE
    NO MAXVALUE
    CACHE 1
);


--
-- Name: statik_pages; Type: TABLE; Schema: public; Owner: maxcreative
--

CREATE TABLE public.statik_pages (
    id bigint NOT NULL,
    title character varying(256) NOT NULL,
    link character varying(256) NOT NULL,
    body text NOT NULL
);


ALTER TABLE public.statik_pages OWNER TO maxcreative;

--
-- Name: statik_pages_id_seq; Type: SEQUENCE; Schema: public; Owner: maxcreative
--

ALTER TABLE public.statik_pages ALTER COLUMN id ADD GENERATED BY DEFAULT AS IDENTITY (
    SEQUENCE NAME public.statik_pages_id_seq
    START WITH 1
    INCREMENT BY 1
    NO MINVALUE
    NO MAXVALUE
    CACHE 1
);


--
-- Name: statik_processessection; Type: TABLE; Schema: public; Owner: maxcreative
--

CREATE TABLE public.statik_processessection (
    id bigint NOT NULL,
    title character varying(256) NOT NULL,
    process2_text character varying(256) NOT NULL,
    process2_title character varying(256) NOT NULL,
    process3_text character varying(256) NOT NULL,
    process1_title character varying(256) NOT NULL,
    process1_text character varying(256) NOT NULL,
    process1_icon character varying(100) NOT NULL,
    process2_icon character varying(100) NOT NULL,
    process3_icon character varying(100) NOT NULL,
    process3_title character varying(256) NOT NULL,
    process4_icon character varying(100) NOT NULL,
    process4_text character varying(256) NOT NULL,
    process4_title character varying(256) NOT NULL
);


ALTER TABLE public.statik_processessection OWNER TO maxcreative;

--
-- Name: statik_processessection_id_seq; Type: SEQUENCE; Schema: public; Owner: maxcreative
--

ALTER TABLE public.statik_processessection ALTER COLUMN id ADD GENERATED BY DEFAULT AS IDENTITY (
    SEQUENCE NAME public.statik_processessection_id_seq
    START WITH 1
    INCREMENT BY 1
    NO MINVALUE
    NO MAXVALUE
    CACHE 1
);


--
-- Name: statik_punktlar; Type: TABLE; Schema: public; Owner: maxcreative
--

CREATE TABLE public.statik_punktlar (
    id bigint NOT NULL,
    name character varying(256) NOT NULL,
    m_id bigint NOT NULL
);


ALTER TABLE public.statik_punktlar OWNER TO maxcreative;

--
-- Name: statik_punktlar_id_seq; Type: SEQUENCE; Schema: public; Owner: maxcreative
--

ALTER TABLE public.statik_punktlar ALTER COLUMN id ADD GENERATED BY DEFAULT AS IDENTITY (
    SEQUENCE NAME public.statik_punktlar_id_seq
    START WITH 1
    INCREMENT BY 1
    NO MINVALUE
    NO MAXVALUE
    CACHE 1
);


--
-- Name: statik_slidersection; Type: TABLE; Schema: public; Owner: maxcreative
--

CREATE TABLE public.statik_slidersection (
    id bigint NOT NULL,
    title text NOT NULL,
    text text NOT NULL
);


ALTER TABLE public.statik_slidersection OWNER TO maxcreative;

--
-- Name: statik_slidersection_id_seq; Type: SEQUENCE; Schema: public; Owner: maxcreative
--

ALTER TABLE public.statik_slidersection ALTER COLUMN id ADD GENERATED BY DEFAULT AS IDENTITY (
    SEQUENCE NAME public.statik_slidersection_id_seq
    START WITH 1
    INCREMENT BY 1
    NO MINVALUE
    NO MAXVALUE
    CACHE 1
);


--
-- Name: statik_smartinvest; Type: TABLE; Schema: public; Owner: maxcreative
--

CREATE TABLE public.statik_smartinvest (
    id bigint NOT NULL,
    title character varying(256) NOT NULL,
    text character varying(256) NOT NULL,
    button_text character varying(256) NOT NULL,
    button_link character varying(256) NOT NULL,
    image character varying(100) NOT NULL
);


ALTER TABLE public.statik_smartinvest OWNER TO maxcreative;

--
-- Name: statik_smartinvest_id_seq; Type: SEQUENCE; Schema: public; Owner: maxcreative
--

ALTER TABLE public.statik_smartinvest ALTER COLUMN id ADD GENERATED BY DEFAULT AS IDENTITY (
    SEQUENCE NAME public.statik_smartinvest_id_seq
    START WITH 1
    INCREMENT BY 1
    NO MINVALUE
    NO MAXVALUE
    CACHE 1
);


--
-- Name: statik_sortingsections; Type: TABLE; Schema: public; Owner: maxcreative
--

CREATE TABLE public.statik_sortingsections (
    id bigint NOT NULL,
    main_section_active boolean NOT NULL,
    main_section_sort integer NOT NULL,
    youtube_video_active boolean NOT NULL,
    youtube_video_sort integer NOT NULL,
    why_active boolean NOT NULL,
    why_sort integer NOT NULL,
    advantages_active boolean NOT NULL,
    advantages_sort integer NOT NULL,
    processes_active boolean NOT NULL,
    processes_sort integer NOT NULL,
    get_consultation_active boolean NOT NULL,
    get_consultation_sort integer NOT NULL,
    faq_active boolean NOT NULL,
    faq_sort integer NOT NULL,
    offers_active boolean NOT NULL,
    offers_sort integer NOT NULL,
    feedbacks_active boolean NOT NULL,
    feedbacks_sort integer NOT NULL
);


ALTER TABLE public.statik_sortingsections OWNER TO maxcreative;

--
-- Name: statik_sortingsections_id_seq; Type: SEQUENCE; Schema: public; Owner: maxcreative
--

ALTER TABLE public.statik_sortingsections ALTER COLUMN id ADD GENERATED BY DEFAULT AS IDENTITY (
    SEQUENCE NAME public.statik_sortingsections_id_seq
    START WITH 1
    INCREMENT BY 1
    NO MINVALUE
    NO MAXVALUE
    CACHE 1
);


--
-- Name: statik_suallar; Type: TABLE; Schema: public; Owner: maxcreative
--

CREATE TABLE public.statik_suallar (
    id bigint NOT NULL,
    text character varying(256) NOT NULL,
    link character varying(256) NOT NULL
);


ALTER TABLE public.statik_suallar OWNER TO maxcreative;

--
-- Name: statik_suallar_id_seq; Type: SEQUENCE; Schema: public; Owner: maxcreative
--

ALTER TABLE public.statik_suallar ALTER COLUMN id ADD GENERATED BY DEFAULT AS IDENTITY (
    SEQUENCE NAME public.statik_suallar_id_seq
    START WITH 1
    INCREMENT BY 1
    NO MINVALUE
    NO MAXVALUE
    CACHE 1
);


--
-- Name: statik_whysection; Type: TABLE; Schema: public; Owner: maxcreative
--

CREATE TABLE public.statik_whysection (
    id bigint NOT NULL,
    title character varying(256) NOT NULL,
    text text NOT NULL
);


ALTER TABLE public.statik_whysection OWNER TO maxcreative;

--
-- Name: statik_whysection_id_seq; Type: SEQUENCE; Schema: public; Owner: maxcreative
--

ALTER TABLE public.statik_whysection ALTER COLUMN id ADD GENERATED BY DEFAULT AS IDENTITY (
    SEQUENCE NAME public.statik_whysection_id_seq
    START WITH 1
    INCREMENT BY 1
    NO MINVALUE
    NO MAXVALUE
    CACHE 1
);


--
-- Data for Name: auth_group; Type: TABLE DATA; Schema: public; Owner: maxcreative
--

COPY public.auth_group (id, name) FROM stdin;
\.


--
-- Data for Name: auth_group_permissions; Type: TABLE DATA; Schema: public; Owner: maxcreative
--

COPY public.auth_group_permissions (id, group_id, permission_id) FROM stdin;
\.


--
-- Data for Name: auth_permission; Type: TABLE DATA; Schema: public; Owner: maxcreative
--

COPY public.auth_permission (id, name, content_type_id, codename) FROM stdin;
1	Can add log entry	1	add_logentry
2	Can change log entry	1	change_logentry
3	Can delete log entry	1	delete_logentry
4	Can view log entry	1	view_logentry
5	Can add permission	2	add_permission
6	Can change permission	2	change_permission
7	Can delete permission	2	delete_permission
8	Can view permission	2	view_permission
9	Can add group	3	add_group
10	Can change group	3	change_group
11	Can delete group	3	delete_group
12	Can view group	3	view_group
13	Can add user	4	add_user
14	Can change user	4	change_user
15	Can delete user	4	delete_user
16	Can view user	4	view_user
17	Can add content type	5	add_contenttype
18	Can change content type	5	change_contenttype
19	Can delete content type	5	delete_contenttype
20	Can view content type	5	view_contenttype
21	Can add session	6	add_session
22	Can change session	6	change_session
23	Can delete session	6	delete_session
24	Can view session	6	view_session
25	Can add Ümumi Məlumatlar	7	add_general
26	Can change Ümumi Məlumatlar	7	change_general
27	Can delete Ümumi Məlumatlar	7	delete_general
28	Can view Ümumi Məlumatlar	7	view_general
29	Can add Sosial Media Hesabı	8	add_social
30	Can change Sosial Media Hesabı	8	change_social
31	Can delete Sosial Media Hesabı	8	delete_social
32	Can view Sosial Media Hesabı	8	view_social
33	Can add Why Alanya	9	add_why
34	Can change Why Alanya	9	change_why
35	Can delete Why Alanya	9	delete_why
36	Can view Why Alanya	9	view_why
37	Can add Tablar	10	add_tablar
38	Can change Tablar	10	change_tablar
39	Can delete Tablar	10	delete_tablar
40	Can view Tablar	10	view_tablar
41	Can add faq	11	add_faq
42	Can change faq	11	change_faq
43	Can delete faq	11	delete_faq
44	Can view faq	11	view_faq
45	Can add feedback	12	add_feedback
46	Can change feedback	12	change_feedback
47	Can delete feedback	12	delete_feedback
48	Can view feedback	12	view_feedback
49	Can add contact	13	add_contact
50	Can change contact	13	change_contact
51	Can delete contact	13	delete_contact
52	Can view contact	13	view_contact
53	Can add feature	14	add_feature
54	Can change feature	14	change_feature
55	Can delete feature	14	delete_feature
56	Can view feature	14	view_feature
57	Can add waitlist	15	add_waitlist
58	Can change waitlist	15	change_waitlist
59	Can delete waitlist	15	delete_waitlist
60	Can view waitlist	15	view_waitlist
61	Can add offer	16	add_offer
62	Can change offer	16	change_offer
63	Can delete offer	16	delete_offer
64	Can view offer	16	view_offer
65	Can add image	17	add_image
66	Can change image	17	change_image
67	Can delete image	17	delete_image
68	Can view image	17	view_image
69	Can add advantage section	18	add_advantagesection
70	Can change advantage section	18	change_advantagesection
71	Can delete advantage section	18	delete_advantagesection
72	Can view advantage section	18	view_advantagesection
73	Can add feedback section	19	add_feedbacksection
74	Can change feedback section	19	change_feedbacksection
75	Can delete feedback section	19	delete_feedbacksection
76	Can view feedback section	19	view_feedbacksection
77	Can add get consultation section	20	add_getconsultationsection
78	Can change get consultation section	20	change_getconsultationsection
79	Can delete get consultation section	20	delete_getconsultationsection
80	Can view get consultation section	20	view_getconsultationsection
81	Can add main section	21	add_mainsection
82	Can change main section	21	change_mainsection
83	Can delete main section	21	delete_mainsection
84	Can view main section	21	view_mainsection
85	Can add offers section	22	add_offerssection
86	Can change offers section	22	change_offerssection
87	Can delete offers section	22	delete_offerssection
88	Can view offers section	22	view_offerssection
89	Can add processes section	23	add_processessection
90	Can change processes section	23	change_processessection
91	Can delete processes section	23	delete_processessection
92	Can view processes section	23	view_processessection
93	Can add why section	24	add_whysection
94	Can change why section	24	change_whysection
95	Can delete why section	24	delete_whysection
96	Can view why section	24	view_whysection
97	Can add sorting sections	25	add_sortingsections
98	Can change sorting sections	25	change_sortingsections
99	Can delete sorting sections	25	delete_sortingsections
100	Can view sorting sections	25	view_sortingsections
101	Can add geliri hesabla banner	26	add_gelirihesablabanner
102	Can change geliri hesabla banner	26	change_gelirihesablabanner
103	Can delete geliri hesabla banner	26	delete_gelirihesablabanner
104	Can view geliri hesabla banner	26	view_gelirihesablabanner
105	Can add suallar	27	add_suallar
106	Can change suallar	27	change_suallar
107	Can delete suallar	27	delete_suallar
108	Can view suallar	27	view_suallar
109	Can add smart invest	28	add_smartinvest
110	Can change smart invest	28	change_smartinvest
111	Can delete smart invest	28	delete_smartinvest
112	Can view smart invest	28	view_smartinvest
113	Can add niye secirler	29	add_niyesecirler
114	Can change niye secirler	29	change_niyesecirler
115	Can delete niye secirler	29	delete_niyesecirler
116	Can view niye secirler	29	view_niyesecirler
117	Can add form section	30	add_formsection
118	Can change form section	30	change_formsection
119	Can delete form section	30	delete_formsection
120	Can view form section	30	view_formsection
121	Can add muzakire edek	31	add_muzakireedek
122	Can change muzakire edek	31	change_muzakireedek
123	Can delete muzakire edek	31	delete_muzakireedek
124	Can view muzakire edek	31	view_muzakireedek
125	Can add attachment	32	add_attachment
126	Can change attachment	32	change_attachment
127	Can delete attachment	32	delete_attachment
128	Can view attachment	32	view_attachment
129	Can add punktlar	33	add_punktlar
130	Can change punktlar	33	change_punktlar
131	Can delete punktlar	33	delete_punktlar
132	Can view punktlar	33	view_punktlar
133	Can add Kalkulyator Parametrlər	34	add_calculator
134	Can change Kalkulyator Parametrlər	34	change_calculator
135	Can delete Kalkulyator Parametrlər	34	delete_calculator
136	Can view Kalkulyator Parametrlər	34	view_calculator
137	Can add Əlaqə Formu Müraciət	35	add_contact
138	Can change Əlaqə Formu Müraciət	35	change_contact
139	Can delete Əlaqə Formu Müraciət	35	delete_contact
140	Can view Əlaqə Formu Müraciət	35	view_contact
141	Can add Gözləmədə Olan	36	add_waitlist
142	Can change Gözləmədə Olan	36	change_waitlist
143	Can delete Gözləmədə Olan	36	delete_waitlist
144	Can view Gözləmədə Olan	36	view_waitlist
145	Can add Body'ə əlavə olunan scriptlər	37	add_body
146	Can change Body'ə əlavə olunan scriptlər	37	change_body
147	Can delete Body'ə əlavə olunan scriptlər	37	delete_body
148	Can view Body'ə əlavə olunan scriptlər	37	view_body
149	Can add Head'ə əlavə olunan scriptlər	38	add_head
150	Can change Head'ə əlavə olunan scriptlər	38	change_head
151	Can delete Head'ə əlavə olunan scriptlər	38	delete_head
152	Can view Head'ə əlavə olunan scriptlər	38	view_head
153	Can add Kalkulyator Parametrlər	39	add_parametr
154	Can change Kalkulyator Parametrlər	39	change_parametr
155	Can delete Kalkulyator Parametrlər	39	delete_parametr
156	Can view Kalkulyator Parametrlər	39	view_parametr
157	Can add Ev, Villa Müraciət Edən	40	add_message
158	Can change Ev, Villa Müraciət Edən	40	change_message
159	Can delete Ev, Villa Müraciət Edən	40	delete_message
160	Can view Ev, Villa Müraciət Edən	40	view_message
161	Can add slider	41	add_slider
162	Can change slider	41	change_slider
163	Can delete slider	41	delete_slider
164	Can view slider	41	view_slider
165	Can add Slider Bölmə	42	add_slidersection
166	Can change Slider Bölmə	42	change_slidersection
167	Can delete Slider Bölmə	42	delete_slidersection
168	Can view Slider Bölmə	42	view_slidersection
169	Can add calendly script	43	add_calendlyscript
170	Can change calendly script	43	change_calendlyscript
171	Can delete calendly script	43	delete_calendlyscript
172	Can view calendly script	43	view_calendlyscript
173	Can add Statik səhifələr	44	add_pages
174	Can change Statik səhifələr	44	change_pages
175	Can delete Statik səhifələr	44	delete_pages
176	Can view Statik səhifələr	44	view_pages
177	Can add Vebinar Müraciət	45	add_vebinar
178	Can change Vebinar Müraciət	45	change_vebinar
179	Can delete Vebinar Müraciət	45	delete_vebinar
180	Can view Vebinar Müraciət	45	view_vebinar
181	Can add Form Vebinara Yazıl	46	add_form1
182	Can change Form Vebinara Yazıl	46	change_form1
183	Can delete Form Vebinara Yazıl	46	delete_form1
184	Can view Form Vebinara Yazıl	46	view_form1
185	Can add Form Listing	47	add_form2
186	Can change Form Listing	47	change_form2
187	Can delete Form Listing	47	delete_form2
188	Can view Form Listing	47	view_form2
189	Can add Form Özün tapmısan	48	add_form3
190	Can change Form Özün tapmısan	48	change_form3
191	Can delete Form Özün tapmısan	48	delete_form3
192	Can view Form Özün tapmısan	48	view_form3
193	Can add Form Property Viewing	49	add_form4
194	Can change Form Property Viewing	49	change_form4
195	Can delete Form Property Viewing	49	delete_form4
196	Can view Form Property Viewing	49	view_form4
197	Can add Coffee Section	50	add_coffeesection
198	Can change Coffee Section	50	change_coffeesection
199	Can delete Coffee Section	50	delete_coffeesection
200	Can view Coffee Section	50	view_coffeesection
201	Can add Müştəri Geri Bildirim	51	add_feedbacktr
202	Can change Müştəri Geri Bildirim	51	change_feedbacktr
203	Can delete Müştəri Geri Bildirim	51	delete_feedbacktr
204	Can view Müştəri Geri Bildirim	51	view_feedbacktr
205	Can add slider tr	52	add_slidertr
206	Can change slider tr	52	change_slidertr
207	Can delete slider tr	52	delete_slidertr
208	Can view slider tr	52	view_slidertr
\.


--
-- Data for Name: auth_user; Type: TABLE DATA; Schema: public; Owner: maxcreative
--

COPY public.auth_user (id, password, last_login, is_superuser, username, first_name, last_name, email, is_staff, is_active, date_joined) FROM stdin;
3	pbkdf2_sha256$600000$naZZJ0Rf2xWtfwkM5mi70j$51dTIdIAGQ+lvQsf3B9Aji3H8Vc4tUDuP2JCuXYBgnQ=	2024-01-16 12:06:18.400313+00	f	Orkhan	Orkhan	Namazov	orhannamazov4@gmail.com	t	t	2024-01-16 10:45:50+00
2	pbkdf2_sha256$600000$oTDS1bdAsqlWUk66EM5bt7$af6iq3Od2JLrFnXSkSeegQ0QMvORx4WWvDakjujhbwY=	2024-01-30 10:32:13.18444+00	t	smartinvest				t	t	2023-12-19 10:49:08.541595+00
1	pbkdf2_sha256$600000$sTxXA23RIoGk5ctRiG6hFO$osfxw2DzTgWLsvJb1Ps6ajBmOjwQNeemZ8K2as/GOO8=	2024-02-05 20:07:16.202432+00	t	maxcreative				t	t	2023-12-14 04:47:05.714043+00
\.


--
-- Data for Name: auth_user_groups; Type: TABLE DATA; Schema: public; Owner: maxcreative
--

COPY public.auth_user_groups (id, user_id, group_id) FROM stdin;
\.


--
-- Data for Name: auth_user_user_permissions; Type: TABLE DATA; Schema: public; Owner: maxcreative
--

COPY public.auth_user_user_permissions (id, user_id, permission_id) FROM stdin;
1	3	160
2	3	65
3	3	66
4	3	67
5	3	68
6	3	64
7	3	63
8	3	61
9	3	85
10	3	86
11	3	87
12	3	62
13	3	88
14	3	157
15	3	158
16	3	159
\.


--
-- Data for Name: contact_contact; Type: TABLE DATA; Schema: public; Owner: maxcreative
--

COPY public.contact_contact (id, name, email, phone, prefix) FROM stdin;
1	Araz	araz@roaswizards.com	(70) 536-46-88	1
2	Vugar	vkuliev@gmail.com	502104498	994
6	Vugar Guliyev	vkuliev@gmail.com	+31681166066	994
7	Vugar Guliyev	vkuliev@gmail.com	+31681166066	994
8	Famil Tagiyev	famil.tagiyev@gmail.com	558131826	994
11	Vugar Guliyev	vkuliev@gmail.com	+31681166066	994
12	Vugar Guliyev	vkuliev@gmail.com	+31681166066	994
13	Main list	vkuliev@gmail.com	502104498	994
14	main_list_villa	vkuliev@gmail.com	502104498	994
15	evi ozunuz tapmisiz	vkuliev@gmail.com	+31681166066	994
16	Elvin Seyidov	alvinseyidov@gmail.com	0933936397	994
17	offer_list	vkuliev@gmail.com	502104498	994
18	listing form main	vkuliev@gmail.com	502104498	994
19	test	test@gmail.com	555555555	994
20	test	test@gmail.com	555555555	994
21	test	test@gmail.com	55555555	994
22	test	test@gmail.com	55555555	994
23	test	test@gmail.com	555555	994
24	test	test@gmail.com	55555555	994
25	test	test@gmail.com	55523232412414	994
26	test	test@gmail.com	55523232412414	994
27	test	test@gmail.com	55523232412414	994
28	test	test@gmail.com	55523232412414	994
29	test	test@gmail.com	55523232412414	994
30	test	test@gmail.com	55523232412414	994
31	Vugar Guliyev	vkuliev@gmail.com	+31681166066	994
32	Vugar Guliyev	vkuliev@gmail.com	+31681166066	994
33	Vugar Guliyev	vkuliev@gmail.com	+31681166066	994
34	Vugar Guliyev	vkuliev@gmail.com	+31681166066	994
35	Vugar Guliyev	vkuliev@gmail.com	+31681166066	994
36	Vugar Guliyev	vkuliev@gmail.com	+31681166066	994
37	Vugar Guliyev	vkuliev@gmail.com	+31681166066	994
38	Vugar Guliyev	vkuliev@gmail.com	+31681166066	994
39	Vugar Guliyev	vkuliev@gmail.com	+31681166066	994
40	Vugar Guliyev	vkuliev@gmail.com	+31681166066	994
41	Vugar Guliyev	vkuliev@gmail.com	+31681166066	994
42	Vugar Guliyev	vkuliev@gmail.com	+31681166066	994
43	Vugar Guliyev	vkuliev@gmail.com	+31681166066	994
44	Vugar Guliyev	vkuliev@gmail.com	+31681166066	994
45	Vugar Guliyev	vkuliev@gmail.com	+31681166066	994
46	Vugar Guliyev	vkuliev@gmail.com	+31681166066	994
47	Vugar Guliyev	vkuliev@gmail.com	+31681166066	994
48	test	test@gmail.com	55523232412414	994
49	Vugar Guliyev	vkuliev@gmail.com	+31681166066	994
50	test	test@gmail.com	55523232412414	994
51	test	test@gmail.com	555555	994
52	test	test@gmail.com	55555555	994
53	test	test@gmail.com	55555555	994
54	test	test@gmail.com	55555555	994
55	test	test@gmail.com	55523232412414	994
56	test	test@gmail.com	55555555	994
57	Vugar Guliyev	vkuliev@gmail.com	+31681166066	994
58	Vugar Guliyev	vkuliev@gmail.com	+31681166066	994
59	Vugar Guliyev	vkuliev@gmail.com	+31681166066	994
60	Vugar Guliyev	vkuliev@gmail.com	+31681166066	994
61	Vugar Guliyev	vkuliev@gmail.com	+31681166066	994
62	Vugar Guliyev	vkuliev@gmail.com	+31681166066	994
63	Vugar Guliyev	vkuliev@gmail.com	+31681166066	994
64	test	test@gmail.com	555682681	994
65	test	test@gmail.com	55555555	994
66	Givi Tatunashvili	giviko.tatunashvili@gmail.com	555682681	994
67	Givi Tatunashvili	giviko.tatunashvili@gmail.com	555682681	994
68	Givi Tatunashvili	giviko.tatunashvili@gmail.com	555682681	994
69	Givi Tatunashvili	giviko.tatunashvili@gmail.com	555682681	994
70	test	test@gmail.com	55523232412414	994
71	test	test@gmail.com	55555555	994
72	Givi Tatunashvili	giviko.tatunashvili@gmail.com	555682681	994
73	Givi Tatunashvili	giviko.tatunashvili@gmail.com	555682681	994
74	Givi Tatunashvili	giviko.tatunashvili@gmail.com	555682681	994
75	test	test@gmail.com	55523232412414	994
76	Givi Tatunashvili	giviko.tatunashvili@gmail.com	555682681	994
77	Elvin Seyidov	alvinseyidov@gmail.com	0933936397	994
78	Mubariz Mahmood	mubariz9876@gmail.com	314 3215497	92
79	Mubariz Test	mubariz@smartinvest.az	314 3215497	92
80	Vugar Guliyev	testpurpose@gmail.com	062222222	994
81	Vugar Guliyev	differentemail@gmail.com	0333333333	994
82	Bakhtiyar Muradov	bakhtiyar@smartinvest.az	555555555	994
83	Bakhtiyar Muradov	different@email.com	2222222222	994
84	Kamala	englishonlinekk@gmail.com	555878113	15
85	Givi Tatunashvili	giviko.tatunashvili@gmail.com	555682681	994
86	Veliyeva Reyhane 	reyhaneveliyeva7@gmail.com	0602229088	6
87	Ilkin mikayilzade	mikailzadeilkin@yahoo.com	506139383	994
\.


--
-- Data for Name: contact_vebinar; Type: TABLE DATA; Schema: public; Owner: maxcreative
--

COPY public.contact_vebinar (id, first_name, email, phone, prefix, last_name) FROM stdin;
1	Famil	famil.tagiyev@gmail.com	558131826	994	Tagiyev
2	Famil	famil.tagiyev@gmail.com	558131826	994	Tagiyev
4	Vugar	vkuliev@gmail.com	+31681166066	994	Guliyev
5	Elvin	alvinseyidov@gmail.com	0933936397	994	Seyidov
7	Vugar	vkuliev@gmail.com	+31681166066	994	Guliyev
8	Vugar	vkuliev@gmail.com	+31681166066	994	Guliyev
9	Vugar	vkuliev@gmail.com	+31681166066	994	Guliyev
10	Vugar	vkuliev@gmail.com	+31681166066	994	Guliyev
11	Vugar	vkuliev@gmail.com	+31681166066	994	Guliyev
12	Vugar	vkuliev@gmail.com	+31681166066	994	Guliyev
13	vebinara yazil	vkuliev@gmail.com	502104498	994	body
14	Vaqif	alesgerovvaqif62@gmail.com	+994557518254	+994	Alesgerov Vaqif Əli oğlu 
15	test	test@gmail.com	55523232412414	994	test
16	test	test@gmail.com	555555	994	test
17	test	test@gmail.com	55523232412414	994	test
18	test	test@gmail.com	55523232412414	994	test
19	test	test@gmail.com	55523232412414	994	test
20	test	test@gmail.com	55523232412414	994	test
21	test	test@gmail.com	55523232412414	994	test
22	test	test@gmail.com	55523232412414	994	test
23	webinar	vkuliev@gmail.com	+31681166066	994	header
24	webinar	vkuliev@gmail.com	502104498	994	body
25	webinar	vkuliev@gmail.com	502104498	994	body
26	test	test@gmail.com	555555	994	test
27	test	test@gmail.com	55523232412414	994	test
28	test	test@gmail.com	55523232412414	994	test
29	test	test@gmail.com	55523232412414	994	test
30	test	test@gmail.com	55523232412414	994	test
31	Vugar	vkuliev@gmail.com	+31681166066	994	Guliyev
32	Vugar	vkuliev@gmail.com	+31681166066	994	Guliyev
33	Vugar	vkuliev@gmail.com	+31681166066	994	Guliyev
34	Givi	giviko.tatunashvili@gmail.com	555682681	994	Tatunashvili
35	Givi	giviko.tatunashvili@gmail.com	555682681	994	Tatunashvili
36	test	test@gmail.com	555555	994	test
37	test	test@gmail.com	55523232412414	994	test
38	Vugar	vkuliev@gmail.com	+31681166066	994	Guliyev
39	Vugar	vkuliev@gmail.com	+31681166066	994	Guliyev
40	Hikmət	hiko84@hotmail.com	504110140	994	Əhməd
41	test	test@gmail.com	55523232412414	994	test
42	test	test@gmail.com	55523232412414	994	test
43	Givi	giviko.tatunashvili@gmail.com	555682681	994	Tatunashvili
44	Givi	giviko.tatunashvili@gmail.com	555682681	994	Tatunashvili
45	Givi	giviko.tatunashvili@gmail.com	555682681	994	Tatunashvili
46	Givi	giviko.tatunashvili@gmail.com	555682681	994	Tatunashvili
47	Givi	giviko.tatunashvili@gmail.com	555682681	994	Tatunashvili
48	Givi	giviko.tatunashvili@gmail.com	555682681	994	Tatunashvili
49	Givi	giviko.tatunashvili@gmail.com	555682681	994	Tatunashvili
50	Givi	giviko.tatunashvili@gmail.com	555682681	994	Tatunashvili
51	Məhəmməd	mamedli727@gmail.com	702371995	994	Məmmədov
52	Givi	giviko.tatunashvili@gmail.com	555682681	994	Tatunashvili
53	Givi	giviko.tatunashvili@gmail.com	555682681	994	Tatunashvili
54	Givi	giviko.tatunashvili@gmail.com	555682681	994	Tatunashvili
55	Givi	giviko.tatunashvili@gmail.com	555682681	994	Tatunashvili
56	Givi	giviko.tatunashvili@gmail.com	555682681	994	Tatunashvili
57	test	giviko.tatunashvili@gmail.com	55523232412414	994	test
58	Givi	giviko.tatunashvili@gmail.com	555682681	994	Tatunashvili
59	Givi	giviko.tatunashvili@gmail.com	555682681	994	Tatunashvili
60	Givi	giviko.tatunashvili@gmail.com	555682681	994	Tatunashvili
61	Givi	giviko.tatunashvili@gmail.com	555682681	994	Tatunashvili
62	Givi	giviko.tatunashvili@gmail.com	555682681	994	Tatunashvili
63	Givi	giviko.tatunashvili@gmail.com	555682681	994	Tatunashvili
64	test	test@gmail.com	55523232412414	994	test
65	Givi	giviko.tatunashvili@gmail.com	555682681	994	Tatunashvili
66	Elvin	alvinseyidov@gmail.com	0933936397	994	Seyidov
67	Elvin	alvinseyidov@gmail.com	0933936397	994	Seyidov
68	Shamo	shamo.d@gmail.com	502613726	994	Dalbudaqov
69	test	test@gmail.com	55523232412414	994	test
70	elxan	elkhan_sz@outlook.com	0506712128	994	səməd-zadə
71	Givi	giviko.tatunashvili@gmail.com	555682681	994	Tatunashvili
72	Givi	giviko.tatunashvili@gmail.com	555682681	994	Tatunashvili
73	Fərid	flizad14@gmail.com	513838084	994	Musayev 
74	Fərid	flizad14@gmail.com	513838084	994	Musayev 
75	T	info@abec.az	502253313	994	V
76	Ülvi	ulvi444@gmail.com	552031601	994	Məhərrəmov
77	Resul.	Resul@gmail.com	0558603888	994	Rzayev
78	Samir Telman Oğlu 	Samir@gmail.com	993515755	994	Əliyev
79	Röyal 	royalmustafayev856@gmail.com	552412494	994	Mustafayev 
80	Röyal 	royalmustafayev856@gmail.com	552412497	994	Mustafayev 
81	Fidan	fidanakberova@mail.ru	994702069697	994	Ekberova
82	Givi	giviko.tatunashvili@gmail.com	555682681	994	Tatunashvili
83	Nicat	amiraslanovn@bk.ru	+994507299539	994	Amiraslanov
84	Nicat	amiraslanovn@bk.ru	+994507299539	994	Amiraslanov
85	Amil	amil1980@mail.ru	704933894	994	Ekberova
86	Fuad 	2351601@gmail.com	502351601	994	Mammadov
87	Ramil	rbyrmv777@gmail.com	509790773	994	Bayramov
88	İlkin	ilkin.ezizov@avrora.az	(055) 215-55-50	(055) 215-55-50	Ezizov
89	test	test@gmail.com	55523232412414	994	test
90	Könül	suleymanovak@rambler.ru	506201758	994	Süleymanova
91	Orxan	orkhankarimov@outlook.com	(50)-703-67-76	994	Kərimov 
92	Elvin	alvinseyidov@gmail.com	0933936397	994	Seyidov
93	Məleykə 	maleyka.maharramova@gmail.com	517870885	994	Məhərrəmova 
94	Ramal	ramalmammadov93@gmail.com	558295682 	994	Mammadov 
95	Ramiz	ramiz.dadashov@gmail.com	503572288	994	Dadashov
96	Rüstəm 	samir.babayev389@gmail.com	504157834	994	Babayev 
\.


--
-- Data for Name: contact_waitlist; Type: TABLE DATA; Schema: public; Owner: maxcreative
--

COPY public.contact_waitlist (id, email) FROM stdin;
1	araz@roaswizards.com
\.


--
-- Data for Name: core_body; Type: TABLE DATA; Schema: public; Owner: maxcreative
--

COPY public.core_body (id, name, script, location) FROM stdin;
3	Google Tag Manager	<!-- Google Tag Manager -->\r\n<script>(function(w,d,s,l,i){w[l]=w[l]||[];w[l].push({'gtm.start':\r\nnew Date().getTime(),event:'gtm.js'});var f=d.getElementsByTagName(s)[0],\r\nj=d.createElement(s),dl=l!='dataLayer'?'&l='+l:'';j.async=true;j.src=\r\n'https://www.googletagmanager.com/gtm.js?id='+i+dl;f.parentNode.insertBefore(j,f);\r\n})(window,document,'script','dataLayer','GTM-TQLQFHDJ');</script>\r\n<!-- End Google Tag Manager -->	H
2	Google Tag Manager	<!-- Google Tag Manager (noscript) -->\r\n<noscript><iframe src="https://www.googletagmanager.com/ns.html?id=GTM-TQLQFHDJ"\r\nheight="0" width="0" style="display:none;visibility:hidden"></iframe></noscript>\r\n<!-- End Google Tag Manager (noscript) -->	T
\.


--
-- Data for Name: core_calendlyscript; Type: TABLE DATA; Schema: public; Owner: maxcreative
--

COPY public.core_calendlyscript (id, name, script) FROM stdin;
1	HubSpot Webinar	<!-- Start of Meetings Embed Script -->\r\n    <div class="meetings-iframe-container" data-src="https://meetings-eu1.hubspot.com/meetings/smartinvest/webinar?embed=true"></div>\r\n    <script type="text/javascript" src="https://static.hsappstatic.net/MeetingsEmbed/ex/MeetingsEmbedCode.js"></script>\r\n  <!-- End of Meetings Embed Script -->
\.


--
-- Data for Name: core_faq; Type: TABLE DATA; Schema: public; Owner: maxcreative
--

COPY public.core_faq (id, question, answer, sort) FROM stdin;
9	Ağıllı İnvestisiya ilə Dərhal Qazanc: Mən öz investisiyamdan dərhal necə qazanmağa başlaya bilərəm?	Biz bütün müştərilərimizlə uzunmüddətli münasibətlərdə maraqlıyıq. Kirayəçinin tez bir zamanda yerləşdirilməsini və kira ödənişlərinin vaxtında toplanmasını təmin edirik! Bu bizim “qazandır-və-qazan” strategiyamızdır.	9
2	Ödəniş prosesləri: Ödəniş məsələləri ilə bağlı kömək təklif edirsiniz?	Bəli, biz xüsusilə Azərbaycanın aparıcı banklarından olan Paşa Bank ilə əməkdaşlığımızı qeyd etmək istərdik. Daşınmaz əmlakların Paşa Bankın xüsusi olaraq təklif etdiyi hissəli ödəniş şərtləri ilə əldə edilməsi prosesində yaxından kömək etməyə hazırıq.	0
1	Prosesi başlatmaq: Alqı-satqı işlərini başlatmaq üçün nə etməliyəm?	Sadədir. Ya saytımızda olan hazır təkflilərdən istəyinizə uyğun olanı seçim edə bilər, və ya istəklərinizə uyğun daşınmaz əmlakı tapmaq üçün bizimlə əlaqə saxlaya bilərsiniz. Biz sizə başdan-sona qədər bütün proseslərdə böyük məmnuniyyətlə kömək edəcəyik.	0
10	Kirayə Verilməsi Dəstəyi: Əmlakın sərfəli və etibarlı şəkildə kirayəyə verilməsi üçün hansı dəstəyi veririsiniz?	Kirayəçilərin tapılması, onlarla razılaşmalar, sənədləşmə işləri, ödənişlərin vaxtlı-vaxtında alınması və sizə çatdırılmasını təmin edirik. Təbii ki, əmlakınıza daimi və mütəmadi nəzarət və idarə edilməsi də bura daxildir.	10
5	Təbii Fəlakətlər Riski: Antalya bölgəsi təbii fəlakətlər, xüsusilə də zəlzələlər baxımından nə dərəcədə riskli region hesab olunur?	Türkiyənin seymsik aktiv ökə olmasına baxmayaraq, Antalya bölgəsi nəinki Türkiyədə, hətta bütün dünyada ən təhlükəsiz regionlardan biri hesab olunur. Bu barədə rəsmi qaynaqları saytımızda yerləşdirmişik.	5
6	Vətəndaşlıq və Yaşamaq İcazəsi: Türkiyədə daşınmaz əmlak sahibi olmaqla vətəndaşlıq almaq və ya yaşamaq/işləmək icazəsi almaq kimi məsələlərdə kömək edirsiniz?	Bəli, mümkündür. Ümumilikdə xidmətlərimizə bu xidmət də daxildir, sadəcə nəzərə almaq lazımdır ki, bu kimi məsələlər Türkiyənin daxili qanunları ilə tənzimlənir və bəzi hallarda müraciət edən şəxsin/şəxslərin məlumatlarına fərdi olaraq da baxılır.	6
7	Hazır Satışda Olan Əmlaklara Baxış: Hal-hazırda satışa tam hazır olan əmlaklarla daha yaxından necə tanış olmaq olar?	Sadəcə bizimlə əlaqa saxlayın və sizin üçün ən optimal variantı təşkil edək: Sizin birbaşa olaraq Antalyaya səyahətinizdən tutmuş sizin üçün onlayn virtual turların təşkil edilməsinə qədər bütün formalarda sizə kömək etməyə hazırıq!	6
8	Hissəli Ödəniş: İpoteka kreditlə bağlı biraz daha ətraflı məlumat verə bilərsiz?	İpoteka krediti yalnız Azərbaycan vətəndaşlarına verilir. İpoteka müddəti maksimum 10 ilə qədərdir. İpoteka krediti AZN, TL, EUR və USD olaraq almaq mümkündür. Faiz dərəcələri seçəcəyiniz valyutaya görə dəyişir. Ən sərfəlisi EUR valyutasındadır.	8
11	Kirayə Verilməsi üçün Alternativlər: Mən öz əmlakımı özüm sərbəst formada kirayəyə verə bilərəm, yoxsa mütləq sizin xidmətlərdən istifadə etməliyəm?	Əlbəttə ki, heç bir halda belə bir tələbimiz yoxdur. Siz öz əmlakınızı istədiyiniz kimi idarə etməkdə tam sərbəstsiniz. Bizim dəstəyimizlə kirayəyə verilməsi sizin üçün daha sərfəli və daha rahat olsa da, bu seçim haqqı hər bir halda tam olaraq sizdədir.	11
13	Orta İllik Kirayə Gəliri: Antalya bölgəsində daşınmaz əmlak sahibləri üçün orta illik kirayə gəliri nə qədərdir?	Bu göstəricilər müxtəlif faktorlara görə dəyişə bilər, sadəcə onu qeyd edə bilərik ki, Antalya bölgəsi bu baxımdan ən yaxşı göstəricilərə malikdir.  Sizinlə bu məsələni fərdi qaydada müzakirə edərək daha ətraflı məlumat verə bilərik.	13
14	Kreditəşmə Müddəti: Daşınmaz əmlakı kredit yolu ilə, yəni hissə-hissə ödənişlə əldə etmək istəsəm, bunun üçün minimal ilkin ödəniş və kreditin maksimum verilmə müddəti nədir?	Minimal ilkin ödəniş, almaq istədiyiniz daşınmaz əmlakın dəyərinin təxminən 60-65% qədəridir. Müddət isə 10 ilə qədərdir. Maksimum kredit məbləği 500.000 EUR və ekvalentindədir.	14
15	Xarici Valyutada Dövriyyə: Türk Lirəsi riskli valyutadır. Əmlakən alınması və kirayəsi başqa valyutada mümkündürmü?	Bəli, elə məhz bu səbəbdən Antalya bölgəsini seçdik. Çünki burada əmlakın alqı-satqısı, və hətta kirayəsi də EUR ve USD ilə olur.	15
4	Əlavə Xidmətlər: Daşınmaz əmlak satışından başqa hansı əlavə xidmətlər verirsiniz?	Ev seçimi və onun sənədləşmənin tam qaydasında aparılmasına, ipotekanın rəsmiləşdirilməsinə, daha sonra kirayəçinin yerləşdirilməsinə, kira ödənişlərinin vaxtında toplanmasına qədər bütün proseslərin aparılmasında tam professional xidmət veririk.	4
12	Ağıllı İnvestisiya üçün əmlak növləri: Təklif etdiyiniz “Ağıllı İnvestisiya” konseptinə hansı daşınmaz əmlak növləri daha uyğundur?	"Ağıllı İnvestisiya" yanaşması demək olar ki, bütün daşınmaz əmlak növləri üçün effektivdir. Sizin investisiya məqsədlərinizdən və hədəflərinizdən asılı olaraq yüskək gəlirli yatırım imkanlarını fərdi olaraq sizinlə bölüşürük.	12
3	Daşınmaz əmlak növləri: Hansı daşınmaz əmlak növlərini təklif edirsiniz?	Müxtəlif əmlak növləri təklif edirik: bina evləri, həyət evləri, villalar, mənzillər, obyektlər, torpaq sahələri və s. Təklifimizdə hər zaman nəzərə aldığımız ilk məqam əmlakın gəlir gətirməyə və “ağıllı investisiya” konseptinə uyğun olmasıdır.	0
\.


--
-- Data for Name: core_feature; Type: TABLE DATA; Schema: public; Owner: maxcreative
--

COPY public.core_feature (id, image, title, icon, description, color) FROM stdin;
3	3_QF7uTQV.png	EURO kimi güclü və stabil valyutada gəlir əldə edirsiniz!	icon3_eXdFhrh.png	<div class="row" style=" position: absolute; ">\r\n                  <div class="col-lg-6 col-md-12">\r\n                      <div style=" text-align: left; ">Son 25 ilin statistikasına nəzər salsaq, Antalya bögəsində daşınmaz əmlak illik 8-10% arası stabil dəyər qazanır. Bu, dünyanın ən yaxşı yatırımçılarının əsas diqqət etdikləri göstəricilərdən biridir.</div>\r\n                    <div style=" text-align: left; margin-top: 28px; margin-bottom: 22px; ">Bu barədə geniş araşdırmamızla tanış olmaq istəyirsiniz?</div>\r\n                      <form style=" text-align: left;position:relative; ">\r\n                          <input type="text" placeholder="E-mail" style="     width: 278px;border: none; border-radius: 23px; padding: 10px 20px; ">\r\n                          <button style=" background-color: #10b981; border: none; border-radius: 24px; padding: 9px 12px; color: #fff; font-size: 14px; position: absolute; left: 199px; top: 3px; ">Göndər</button>\r\n                      </form>\r\n                  </div>\r\n                  <div class="col-lg-6 col-md-12">\r\n                      <div style=" text-align: left; margin-left: 25px; ">Satış qiymətlərinin statistikası</div>\r\n                      <img style=" width: 500px; margin-top: 13px; margin-left: 25px; " src="static/chart.png">\r\n                  </div>\r\n        </div>	#5c83c4
2	2_MkfVHgk.png	İlin 300 günü günəşli hava olan İqlim və Zəlzələ riski olmayan bir yerdə yatırım edəcəksiniz!	icon2_2xHNesZ.png	<div class="row" style=" position: absolute; ">\r\n                  <div class="col-lg-6 col-md-12">\r\n                      <div style=" text-align: left; ">Son 25 ilin statistikasına nəzər salsaq, Antalya bögəsində daşınmaz əmlak illik 8-10% arası stabil dəyər qazanır. Bu, dünyanın ən yaxşı yatırımçılarının əsas diqqət etdikləri göstəricilərdən biridir.</div>\r\n                    <div style=" text-align: left; margin-top: 28px; margin-bottom: 22px; ">Bu barədə geniş araşdırmamızla tanış olmaq istəyirsiniz?</div>\r\n                      <form style=" text-align: left;position:relative; ">\r\n                          <input type="text" placeholder="E-mail" style="     width: 278px;border: none; border-radius: 23px; padding: 10px 20px; ">\r\n                          <button style=" background-color: #10b981; border: none; border-radius: 24px; padding: 9px 12px; color: #fff; font-size: 14px; position: absolute; left: 199px; top: 3px; ">Göndər</button>\r\n                      </form>\r\n                  </div>\r\n                  <div class="col-lg-6 col-md-12">\r\n                      <div style=" text-align: left; margin-left: 25px; ">Satış qiymətlərinin statistikası</div>\r\n                      <img style=" width: 500px; margin-top: 13px; margin-left: 25px; " src="static/chart.png">\r\n                  </div>\r\n        </div>	#2c599d
4	4_LAYa4qf.png	Ən əsası: Dərhal gəlir əldə etməyə başlayırsınız!	icon4_lfK6EyL.png	<div class="row" style=" position: absolute; ">\r\n                  <div class="col-lg-6 col-md-12">\r\n                      <div style=" text-align: left; ">Son 25 ilin statistikasına nəzər salsaq, Antalya bögəsində daşınmaz əmlak illik 8-10% arası stabil dəyər qazanır. Bu, dünyanın ən yaxşı yatırımçılarının əsas diqqət etdikləri göstəricilərdən biridir.</div>\r\n                    <div style=" text-align: left; margin-top: 28px; margin-bottom: 22px; ">Bu barədə geniş araşdırmamızla tanış olmaq istəyirsiniz?</div>\r\n                      <form action="/waitlist" style=" text-align: left;position:relative; ">\r\n                          <input name="email" type="email" placeholder="E-mail" style="     width: 278px;border: none; border-radius: 23px; padding: 10px 20px; ">\r\n                          <button type="submit" style=" background-color: #10b981; border: none; border-radius: 24px; padding: 9px 12px; color: #fff; font-size: 14px; position: absolute; left: 199px; top: 3px; ">Göndər</button>\r\n                      </form>\r\n                  </div>\r\n                  <div class="col-lg-6 col-md-12">\r\n                      <div style=" text-align: left; margin-left: 25px; ">Satış qiymətlərinin statistikası</div>\r\n                      <img style=" width: 500px; margin-top: 13px; margin-left: 25px; " src="static/chart.png">\r\n                  </div>\r\n        </div>	#f88125
1	icon1_IH32Lm4.png	Evin dəyərinin yarısını siz, yarısını isə kiraçinız ödəyir!	high_return.jpg	<div class="row" style=" position: absolute; ">\r\n                  <div class="col-lg-6 col-md-12">\r\n                      <div style=" text-align: left; ">Son 25 ilin statistikasına nəzər salsaq, Antalya bögəsində daşınmaz əmlak illik 8-10% arası stabil dəyər qazanır. Bu, dünyanın ən yaxşı yatırımçılarının əsas diqqət etdikləri göstəricilərdən biridir.</div>\r\n                    <div style=" text-align: left; margin-top: 28px; margin-bottom: 22px; ">Bu barədə geniş araşdırmamızla tanış olmaq istəyirsiniz?</div>\r\n                      <form action="waitlist/" style=" text-align: left;position:relative; " method="post">\r\n                          <input name="email" type="email" placeholder="E-mail" style="     width: 278px;border: none; border-radius: 23px; padding: 10px 20px; ">\r\n                          <button type="submit" style=" background-color: #10b981; border: none; border-radius: 24px; padding: 9px 12px; color: #fff; font-size: 14px; position: absolute; left: 199px; top: 3px; ">Göndər</button>\r\n                      </form>\r\n                  </div>\r\n                  <div class="col-lg-6 col-md-12">\r\n                      <div style=" text-align: left; margin-left: 25px; ">Satış qiymətlərinin statistikası</div>\r\n                      <img style=" width: 500px; margin-top: 13px; margin-left: 25px; " src="static/chart.png">\r\n                  </div>\r\n        </div>	#1a3b70
\.


--
-- Data for Name: core_feedback; Type: TABLE DATA; Schema: public; Owner: maxcreative
--

COPY public.core_feedback (id, user_image, full_name, "position", text, background_image) FROM stdin;
1	VK.jpg	Vüqar Quliyev	Marketing şirkəti, təsisçi	Gəldim, büdcəmi dedim, mənzil portfelindən mənə uyğun ev təqdim etdilər. Qiymət bazarlığına da mənim yerimə artıq eləyiblər. Əl sıxışdıq, qalan işlərin hamısını uşaqlar özləri apardılar. Zəng gəldi ki, Vüqar müəllim, ofisə yaxınlaşın evin sənədini götürün. Bu qədər rahat. Türkiyəyə getməyə belə ehtiyacım qalmadı. Uşaqlar işini yaxşı bilir!	for_web_smartinvest_3.png
4	Vagif_Abbasov_94SaolQ.jpg	Vaqif Abbasov	Iş adamı	Düzü, əlimdə biraz pulum var idi və ən yaxşı yatırımı axtarırdım. Əsas da pulun dəyər itirməsindən qorxurdum, çünki indiki zamanda pulu pul kimi saxlamaq özü elə ən böyük riskdir. “Smart İnvest” təklifləri ilə tanış oldum, ətraflı maraqlandım. Sağolsunlar, həqiqətən çox kömək elədilər, bütün suallarıma səbrlə, ətraflı, əsaslı izah verdilər. Nəticədə mən də Alanyada ev sahibi oldum. İndiyə qədərki ən ağıllı investisiyam oldu deyərdim.	for_web_smartinvest_4.png
6	for_web_smartinvest_5.png	Emin Məmmədov	Havalandırma mühəndisi, təlimçi	Uşaqlarımın adına bank hesabları açmaq istəyirdim, 18 yaşına qədər həm toplansın, həm faiz qazansın. Bu təklifi gördüm, hesabladım, heç bir bank bu qazancı verə bilməz! İndi hər iki oğlumun 10 il sonrası üçün  az da olsa bir gəlir yeri var! Qoyduğum pul da evlərdədi.	for_web_smartinvest_6.png
7	for_web_smartinvest_7.png	Səməd Muradov	Baş Mühasib	Üç il əvvəl Qubada torpaq aldım içində meyvə ağacları ilə. Fikirləşdim ki 5-10 ilə dəyər qazanar. Amma gördüm ki, elə də gəlirli yatırım olmadı. Meyvə ağaclarını saxlamaq mütəmadi xərc tələb edirdi. Amma bu təklifi görəndə özüm üçün hesab-kitab elədim və gördüm ki Qubadakı yeri satıb əvəzində Antalyada ev almaq qat-qat sərfəliymiş. Tələsmədən torpaqları satdım, Antalyadan iki dənə əmlak aldım. Mənim üçün uğurlu yatırım oldu.	for_web_smartinvest_8.png
5	Gülnara_Əliyeva.png	Gülnarə Əfəndiyeva	Həkim, Cərrah	Əlimə pul düşdükcə oğlum üçün Bakıda əlavə 2-3 otaqlı ev almaq üçün yığırdım. Düzü, yığıb qurtarmaq da olmurdu, bizdə çox sürətli bahalaşma var, kredit şərtləri də eyni formada. Bankda pul saxlamamışam heç vaxt. Əlimdəki pulu ilkin ödəniş verib burdan bir ev aldım. Hesablamışam, ən geci 4 ilə evin bütöv pulu çıxmalıdır.	apt_1.png
2	Rustem.png	Rüstəm Qasımov	HR konsultant	Servis - super! Personal - ondan da super! Bütün suallarıma cavab verdilər. Alanyada garşılayıb hər yeri, şəhəri və ən önəmlisi mənim yeni evimi göstərdilər və yeni kiraçimla tanış elədilər 😎 \r\n<BR> Çox sağolun Smartinvest komandası!	for_web_smartinvest_1.png
3	Leyla_Quliyeva_xY1IiK7.png	Leyla Quliyeva	Turizm şirkətinin müdiri	Belə deyim də, Smartİnvest mənə imtina eləyə bilməyəyim təkliflə gəldilər! Ən çox da, alacağım evin yarısını mən, yarısını kirayə qazancı ilə ödənilməsi maraqlı idi. Kirayə gəlirim Bakıda eyni qiymətə olan evin gəlirindən ən az 50% yüksəkdir! Mən də Bakıdakı evlərimdən birini satdım, əvəzində ipoteka ilə Antalyadan 2 ev aldım, indi əvvəlkindən 2 qat çox qazanıram!	for_web_smartinvest.png
\.


--
-- Data for Name: core_feedbacktr; Type: TABLE DATA; Schema: public; Owner: maxcreative
--

COPY public.core_feedbacktr (id, user_image, full_name, "position", text, background_image) FROM stdin;
\.


--
-- Data for Name: core_general; Type: TABLE DATA; Schema: public; Owner: maxcreative
--

COPY public.core_general (id, site_title, meta_description, address, email, phone, copyright, logo, telegram_link, whatsapp_link, home_popup_video, countdown_enddate, logo_white, favicon) FROM stdin;
1	Smart Invest	Smart Invest	AZ1065, M.H.Naxcivani 15., Bakı, Azərbaycan.	hello@smartinvest.az	+99410-393-18-18	© Smart Invest – All rights reserved	logo_VWMeQL2.svg	https://t.me/smartinvestaz	https://wa.me/994103931818	mov_bbb_Jpg345K.mp4	2024-02-17 11:00:00+00	logowhite_H4O1hFT.svg	smartinvest-logo_-_for_youtube.png
\.


--
-- Data for Name: core_head; Type: TABLE DATA; Schema: public; Owner: maxcreative
--

COPY public.core_head (id, name, script) FROM stdin;
1	Google Tag Manager	<!-- Google Tag Manager -->\r\n<script>(function(w,d,s,l,i){w[l]=w[l]||[];w[l].push({'gtm.start':\r\nnew Date().getTime(),event:'gtm.js'});var f=d.getElementsByTagName(s)[0],\r\nj=d.createElement(s),dl=l!='dataLayer'?'&l='+l:'';j.async=true;j.src=\r\n'https://www.googletagmanager.com/gtm.js?id='+i+dl;f.parentNode.insertBefore(j,f);\r\n})(window,document,'script','dataLayer','GTM-TQLQFHDJ');</script>\r\n<!-- End Google Tag Manager -->
\.


--
-- Data for Name: core_parametr; Type: TABLE DATA; Schema: public; Owner: maxcreative
--

COPY public.core_parametr (id, leverage_tr, leverage_az, loan_interest_rate_tr, loan_interest_rate_az, appraisal_rate_tr, appraisal_rate_az, rental_growth_tr, rental_growth_az, diger_xercler_tr, diger_xercler_az, heyat_sigortasi_tr, heyat_sigortasi_az, kiraye_kofisent_tr, kiraye_kofisent_az, interest_rate_bank, title) FROM stdin;
2	0.8	0.8	7.08	6.5	0.073	0.05	5.9	4	600	600	120	300	0.04889	0.03111	3	Real olaraq investisiyanın <br>gəlirlərini hesabla!
\.


--
-- Data for Name: core_slider; Type: TABLE DATA; Schema: public; Owner: maxcreative
--

COPY public.core_slider (id, title, text, button_text, button_url, background_image, sorting, image_link, button_color, button_text_color, black_layer_css, black_layer_css_mobile, mobile_title) FROM stdin;
8	Son iki ildə Antalyada <br> əmlak qiymətləri <br> üç dəfədən çox artıb. <br>2024-cü ildə də stabil <br>artım gözlənilir.		\N	\N	websayt_ucun_sekiller_2.jpg	3	\N	W	B	background: linear-gradient(90deg, #000 10.33%, rgba(0, 0, 0, 0.00) 45.89%)	background: linear-gradient(180deg, #000 10.33%, rgba(0, 0, 0, 0.00) 45.89%)	\N
1	Antalya ildə <br> 15 milyondan çox <br>turist qarşılayır. <br> Dörd fəslin dördündə də!		\N	#	iqlim.png	4	\N	W	B	background: linear-gradient(90deg, #000 10.33%, rgba(0, 0, 0, 0.00) 45.89%)	background: linear-gradient(180deg, #000 10.33%, rgba(0, 0, 0, 0.00) 45.89%)	\N
7	İlin 300 günü <br> günəşli hava! <br> Yaşamaq üçün <br> ideal iqlim şəraiti.		\N	\N	Ilin_300_günü_günəşli_hava.png	7	\N	W	B	background: linear-gradient(90deg, #000 10.33%, rgba(0, 0, 0, 0.00) 45.89%)	background: linear-gradient(180deg, #000 10.33%, rgba(0, 0, 0, 0.00) 45.89%)	\N
5	Ən əsası: <br>Dərhal gəlir <br> əldə etməyə <br> başlayırsınız!		\N	#	derhal_gelir.png	5	\N	W	B	background: linear-gradient(90deg, #000 10.33%, rgba(0, 0, 0, 0.00) 45.89%)	background: linear-gradient(180deg, #000 10.33%, rgba(0, 0, 0, 0.00) 45.89%)	\N
6	İnvestisiyanız sizə <br> gündəlik dəyər <br> qazandıracaq!		\N	\N	İnvestisiyanız_sizə_gündəlik_dəyər_qazandıracaq.jpg	3	\N	W	B	background: linear-gradient(90deg, #000 10.33%, rgba(0, 0, 0, 0.00) 45.89%)	background: linear-gradient(180deg, #000 10.33%, rgba(0, 0, 0, 0.00) 45.89%)	\N
4	AVRO kimi güclü <br>və stabil valyutada <br> gəlir əldə edirsiniz!		\N	#	evro.png	2	\N	W	B	background: linear-gradient(90deg, #000 1.11%, rgba(0, 0, 0, 0.00) 45.89%)	background: linear-gradient(180deg, #000 33.33%, rgba(0, 0, 0, 0.00) 99.89%)	\N
2	Antalya dünyada <br>zəlzələ riski ən aşağı <br>olan regionlardan biridir.		\N	#	zerzele.png	6	\N	W	B	background: linear-gradient(90deg, #000 7.33%, rgba(0, 0, 0, 0.00) 45.89%)	background: linear-gradient(180deg, #000 10.33%, rgba(0, 0, 0, 0.00) 45.89%)	\N
3	Evin dəyərinin<br>yarısını siz,<br> yarısını kirayəçiniz <br>ödəyir.		\N	#	11_ELCKRqz.jpg	1	https://smartinvest.az/offer/6/	B	W	background: linear-gradient(90deg, #000 10.33%, rgba(0, 0, 0, 0.00) 45.89%)	background: linear-gradient(180deg, #000 10.33%, rgba(0, 0, 0, 0.00) 45.89%)	\N
\.


--
-- Data for Name: core_slidertr; Type: TABLE DATA; Schema: public; Owner: maxcreative
--

COPY public.core_slidertr (id, background_image, title, mobile_title, text, button_text, button_url, button_color, button_text_color, image_link, sorting, black_layer_css, black_layer_css_mobile) FROM stdin;
\.


--
-- Data for Name: core_social; Type: TABLE DATA; Schema: public; Owner: maxcreative
--

COPY public.core_social (id, link, icon, name) FROM stdin;
4	https://www.youtube.com/channel/UCQG4v8A5s69VqeMA_n1edtw	video_1.png	youtube
1	https://www.instagram.com/smartinvestglobal/	instagram_5.png	Instagram
2	https://www.facebook.com/SmartInvestFB	facebook_4.png	Facebook
5	https://www.tiktok.com/@smartinvestglobal?_t=8jO1uzCTQjQ&_r=1	video_1_1.png	TikTok
6	https://www.linkedin.com/company/smartinvestglobal/	linkedin_6.png	Linkedin
\.


--
-- Data for Name: core_tablar; Type: TABLE DATA; Schema: public; Owner: maxcreative
--

COPY public.core_tablar (id, title, image, text, icon) FROM stdin;
\.


--
-- Data for Name: core_why; Type: TABLE DATA; Schema: public; Owner: maxcreative
--

COPY public.core_why (id, icon, title, text, "position") FROM stdin;
4	fuad_mammadov_квадрат__rU3HXPF.jpg	Fuad Məmmədov	DƏ Investisiyaları Üzrə Stratejist / BAKI	1
3	oguzxan-1.jpg	Oğuzhan Akdoğan	Əmlak Portfeli Mütəxəssisi  / ANTALYA	2
2	leman-1.jpg	Ləman Namazova	Sənədləşmə və İpoteka Mütəxəssisi / ANTALYA	3
1	orxan-1.jpg	Orxan Namazov	Təsisçisi / ANTALYA	4
\.


--
-- Data for Name: django_admin_log; Type: TABLE DATA; Schema: public; Owner: maxcreative
--

COPY public.django_admin_log (id, action_time, object_id, object_repr, action_flag, change_message, content_type_id, user_id) FROM stdin;
1	2023-12-14 16:57:33.956115+00	1	Why Section	1	[{"added": {}}]	24	1
2	2023-12-14 16:58:10.210444+00	1	How to get a mortgage to buy real estate in Turkey?	1	[{"added": {}}]	11	1
3	2023-12-14 16:58:25.904006+00	2	Do I need a residence permit to buy real estate in Turkey?	1	[{"added": {}}]	11	1
4	2023-12-14 16:58:36.415358+00	3	Can I rent out my property?	1	[{"added": {}}]	11	1
5	2023-12-14 17:02:34.500221+00	1	İnvestisiyanız gündəlik dəyər qazanacaq!	1	[{"added": {}}]	14	1
6	2023-12-14 17:03:07.429808+00	2	Zəlzələ riski sizi qətiyyən narahat etməyəcək!	1	[{"added": {}}]	14	1
7	2023-12-14 17:03:43.963507+00	3	EURO kimi güclü və stabil valyutada gəlir əldə edirsiniz!	1	[{"added": {}}]	14	1
8	2023-12-14 17:04:36.096966+00	4	Ən əsası: Dərhal gəlir əldə etməyə başlayırsınız!	1	[{"added": {}}]	14	1
9	2023-12-14 17:05:34.511486+00	1	Dianne Russell	1	[{"added": {}}]	12	1
10	2023-12-14 17:05:46.365062+00	2	Dianne Russell	1	[{"added": {}}]	12	1
11	2023-12-14 17:05:56.962688+00	3	Dianne Russell	1	[{"added": {}}]	12	1
12	2023-12-14 17:06:43.166726+00	4	Dianne Russell	1	[{"added": {}}]	12	1
13	2023-12-14 17:08:02.590532+00	1	1	1	[{"added": {}}]	8	1
14	2023-12-14 17:08:14.084797+00	2	3	1	[{"added": {}}]	8	1
15	2023-12-14 17:08:25.308465+00	3	e	1	[{"added": {}}]	8	1
16	2023-12-14 17:09:34.078487+00	1	Emin Vali	1	[{"added": {}}]	9	1
17	2023-12-14 17:09:47.717547+00	2	Emin	1	[{"added": {}}]	9	1
18	2023-12-14 17:09:58.213179+00	3	Emin	1	[{"added": {}}]	9	1
19	2023-12-14 17:10:02.925463+00	2	Emin	2	[]	9	1
20	2023-12-14 17:10:14.395338+00	4	Emin	1	[{"added": {}}]	9	1
21	2023-12-14 17:11:34.353338+00	1	Ümumi Məlumatlar	1	[{"added": {}}]	7	1
22	2023-12-14 17:14:14.506363+00	1	1	1	[{"added": {}}]	16	1
23	2023-12-14 17:14:40.69012+00	2	2	1	[{"added": {}}]	16	1
24	2023-12-14 17:19:46.047418+00	1	Əlinizdə hazır real təkliflər var?	1	[{"added": {}}]	27	1
25	2023-12-14 17:19:57.749373+00	2	Ancaq bina evləridir?	1	[{"added": {}}]	27	1
26	2023-12-14 17:20:07.327153+00	3	Evlərin real şəkillərinə, videolarına haradan baxa bilərəm?	1	[{"added": {}}]	27	1
27	2023-12-14 17:20:22.647247+00	4	Neçə otaqlı ev ala bilərəm görəsən?	1	[{"added": {}}]	27	1
28	2023-12-14 17:20:35.41384+00	5	Villa, ya da obyekt də ala bilərəm?	1	[{"added": {}}]	27	1
29	2023-12-14 17:21:13.796174+00	6	Villa, ya da obyekt də ala bilərəm?	1	[{"added": {}}]	27	1
30	2023-12-14 17:22:12.420165+00	1	Niyə Smart Invest	1	[{"added": {}}]	28	1
31	2023-12-14 17:22:47.006762+00	1	Offers Section	1	[{"added": {}}]	22	1
32	2023-12-14 17:23:38.296302+00	1	Ağıllı yatırımçılar niyə bizi seçirlər?	1	[{"added": {}}]	29	1
33	2023-12-14 17:24:16.804122+00	1	SUALLARINIZ VAR? 	1	[{"added": {}}]	31	1
34	2023-12-14 17:25:06.580553+00	1	Main Section	1	[{"added": {}}]	21	1
35	2023-12-14 17:25:30.644294+00	1	Get Consultation Section	1	[{"added": {}}]	20	1
36	2023-12-14 17:26:18.317386+00	1	Banner	1	[{"added": {}}]	26	1
37	2023-12-14 17:26:57.748765+00	1	Form bölməsi	1	[{"added": {}}]	30	1
38	2023-12-14 17:27:19.53483+00	1	Feedback Section	1	[{"added": {}}]	19	1
39	2023-12-14 17:28:04.52446+00	1	Advantages Section	1	[{"added": {}}]	18	1
40	2023-12-19 10:49:24.438198+00	1	Ümumi Məlumatlar	2	[{"changed": {"fields": ["Logo"]}}]	7	1
41	2023-12-19 10:49:44.481357+00	1	Ümumi Məlumatlar	2	[{"changed": {"fields": ["Logo"]}}]	7	1
42	2023-12-19 10:54:06.25378+00	1	Ağıllı yatırımçılar niyə bizi seçirlər?	2	[{"changed": {"fields": ["Text1"]}}]	29	1
43	2023-12-19 10:55:00.015065+00	1	SUALLARINIZ VAR? 	2	[{"added": {"name": "punktlar", "object": "Lorem ipsum lorem ipsum"}}, {"added": {"name": "punktlar", "object": "Lorem ipsum lorem ipsum"}}, {"added": {"name": "punktlar", "object": "Lorem ipsum lorem ipsum"}}, {"added": {"name": "punktlar", "object": "Lorem ipsum lorem ipsum"}}]	31	1
44	2023-12-21 10:12:21.445611+00	1	Main Section	2	[{"changed": {"fields": ["Button link"]}}]	21	1
45	2023-12-21 20:13:43.598264+00	1	Ümumi Sayt Məlumatlar	2	[{"changed": {"fields": ["Countdown enddate"]}}]	7	1
46	2023-12-23 12:44:23.393835+00	3	Daşınmaz Əmlak növləri: Hansı daşınmaz əmlak növlərini təklif edirsiniz?	2	[{"changed": {"fields": ["Question", "Answer"]}}]	11	2
47	2023-12-23 12:48:14.902558+00	2	Ödəniş prosesləri: Ödəniş məsələləri ilə bağlı kömək təklif edirsiniz?	2	[{"changed": {"fields": ["Question", "Answer"]}}]	11	2
48	2023-12-23 12:53:34.224734+00	1	Prosesi başlatmaq: Alqı-satqı işlərini başlatmaq üçün nə etməliyəm?	2	[{"changed": {"fields": ["Question", "Answer"]}}]	11	2
49	2023-12-23 12:56:36.554103+00	4	Əlavə Xidmətlər: Daşınmaz əmlak satışından başqa hansı əlavə xidmətlər verirsiniz?	1	[{"added": {}}]	11	2
50	2023-12-23 12:56:42.675548+00	4	Əlavə Xidmətlər: Daşınmaz əmlak satışından başqa hansı əlavə xidmətlər verirsiniz?	2	[{"changed": {"fields": ["Sort"]}}]	11	2
51	2023-12-23 13:15:32.153139+00	5	Təbii Fəlakətlər Riski: Antalya bölgəsi təbii fəlakətlər, xüsusilə də zəlzələlər baxımından nə dərəcədə riskli region hesab olunur?	1	[{"added": {}}]	11	2
52	2023-12-23 13:16:09.624633+00	6	Vətəndaşlıq və Yaşamaq İcazəsi: Türkiyədə daşınmaz əmlak sahibi olmaqla vətəndaşlıq almaq və ya yaşamaq/işləmək icazəsi almaq kimi məsələlərdə kömək edirsiniz?	1	[{"added": {}}]	11	2
53	2023-12-23 13:17:33.247261+00	7	Hazır Satışda Olan Əmlaklara Baxış: Hal-hazırda satışa tam hazır olan əmlaklarla daha yaxından necə tanış olmaq olar?	1	[{"added": {}}]	11	2
54	2023-12-23 13:21:54.08034+00	8	Hissəli Ödəniş: İpoteka kreditlə bağlı biraz daha ətraflı məlumat verə bilərsiz?	1	[{"added": {}}]	11	2
55	2023-12-23 13:22:18.665528+00	9	Ağıllı İnvestisiya ilə Dərhal Qazanc: Mən öz investisiyamdan dərhal necə qazanmağa başlaya bilərəm?	1	[{"added": {}}]	11	2
56	2023-12-23 13:22:53.772862+00	10	Kirayə Verilməsi Dəstəyi: Əmlakın sərfəli və etibarlı şəkildə kirayəyə verilməsi üçün hansı dəstəyi veririsiniz?	1	[{"added": {}}]	11	2
57	2023-12-23 13:23:14.889058+00	11	Kirayə Verilməsi üçün Alternativlər: Mən öz əmlakımı özüm sərbəst formada kirayəyə verə bilərəm, yoxsa mütləq sizin xidmətlərdən istifadə etməliyəm?	1	[{"added": {}}]	11	2
58	2023-12-23 13:23:37.115875+00	12	Ağıllı İnvestisiya üçün Əmlak Növləri: Təklif etdiyiniz “Ağıllı İnvestisiya” konseptinə hansı daşınmaz əmlak növləri daha uyğundur?	1	[{"added": {}}]	11	2
59	2023-12-23 13:24:02.627259+00	13	Orta İllik Kirayə Gəliri: Antalya bölgəsində daşınmaz əmlak sahibləri üçün orta illik kirayə gəliri nə qədərdir?	1	[{"added": {}}]	11	2
60	2023-12-23 13:25:47.754001+00	14	Kreditəşmə Müddəti: Daşınmaz əmlakı kredit yolu ilə, yəni hissə-hissə ödənişlə əldə etmək istəsəm, bunun üçün minimal ilkin ödəniş və kreditin maksimum verilmə müddəti nədir?	1	[{"added": {}}]	11	2
61	2023-12-23 13:28:39.506026+00	15	Xarici Valyutada Dövriyyə: Türk Lirəsi riskli valyutadır. Əmlakən alınması və kirayəsi başqa valyutada mümkündürmü?	1	[{"added": {}}]	11	2
62	2023-12-23 13:36:40.850006+00	4	Fuad Məmmədov	2	[{"changed": {"fields": ["Title", "Text"]}}]	9	2
63	2023-12-23 13:44:46.308889+00	4	Vagif Abbasov	2	[{"changed": {"fields": ["Full name", "Position", "Text", "Background image"]}}]	12	2
64	2023-12-23 13:47:00.277211+00	4	Vagif Abbasov	2	[{"changed": {"fields": ["User image", "Background image"]}}]	12	2
65	2023-12-23 13:47:16.220782+00	4	Vagif Abbasov	2	[{"changed": {"fields": ["Text"]}}]	12	2
66	2023-12-24 15:05:09.308125+00	1	Google Tag Manager	1	[{"added": {}}]	38	1
67	2023-12-24 15:05:53.456729+00	1	HubSpot	1	[{"added": {}}]	37	1
68	2023-12-24 15:06:59.413078+00	2	Google Tag Manager	1	[{"added": {}}]	37	1
69	2023-12-24 15:11:16.412389+00	1	HubSpot	2	[{"changed": {"fields": ["Location"]}}]	37	1
70	2023-12-24 15:11:26.061073+00	2	Google Tag Manager	2	[]	37	1
71	2023-12-24 15:11:45.207408+00	2	Google Tag Manager	2	[]	37	1
72	2023-12-24 15:19:28.117447+00	3	Google Tag Manager	1	[{"added": {}}]	37	1
73	2023-12-24 15:47:52.710569+00	2	Kalkulyator Parametrləri	1	[{"added": {}}]	39	1
74	2023-12-24 19:49:07.134459+00	2	Kalkulyator Parametrləri	2	[{"changed": {"fields": ["Leverage TR", "Leverage AZ", "Loan Interest Rate TR", "Loan Interest Rate AZ", "Appraisal Rate TR", "Appraisal Rate AZ", "Rental Growth TR", "Rental Growth AZ"]}}]	39	1
75	2023-12-24 19:50:59.706969+00	2	Kalkulyator Parametrləri	2	[{"changed": {"fields": ["Bank Interest Rate AZ"]}}]	39	1
76	2023-12-25 22:41:14.044583+00	1	HubSpot	3		37	2
77	2023-12-25 23:53:23.354437+00	2	Kalkulyator Parametrləri	2	[]	39	2
78	2023-12-26 22:01:49.509211+00	1	1	2	[{"added": {"name": "image", "object": "\\u015f\\u0259kil"}}, {"added": {"name": "image", "object": "\\u015f\\u0259kil"}}, {"added": {"name": "image", "object": "\\u015f\\u0259kil"}}]	16	1
79	2023-12-26 22:02:50.436095+00	1	Altair Residences	2	[{"changed": {"fields": ["Name", "Price", "Address"]}}]	16	1
80	2023-12-26 22:03:22.497573+00	1	Altair Residences	2	[{"changed": {"fields": ["Description"]}}]	16	1
81	2023-12-28 06:53:13.365283+00	1	İnvestisiyanız gündəlik dəyər qazanacaq!	2	[{"changed": {"fields": ["Icon"]}}]	14	2
82	2023-12-28 06:56:20.101778+00	1	İnvestisiyanız gündəlik dəyər qazanacaq!	2	[{"changed": {"fields": ["Icon"]}}]	14	2
83	2023-12-28 06:57:53.898356+00	1	İnvestisiyanız gündəlik dəyər qazanacaq!	2	[]	14	2
84	2023-12-28 06:58:18.089599+00	1	İnvestisiyanız gündəlik dəyər qazanacaq!	2	[]	14	2
85	2023-12-28 06:58:22.248284+00	1	İnvestisiyanız gündəlik dəyər qazanacaq!	2	[]	14	2
86	2023-12-28 06:58:23.411398+00	1	İnvestisiyanız gündəlik dəyər qazanacaq!	2	[]	14	2
87	2023-12-28 06:58:25.200044+00	1	İnvestisiyanız gündəlik dəyər qazanacaq!	2	[]	14	2
88	2023-12-28 20:53:47.829427+00	3	Linkedin	2	[{"changed": {"fields": ["Name"]}}]	8	2
89	2023-12-28 20:53:57.575344+00	2	Facebook	2	[{"changed": {"fields": ["Name"]}}]	8	2
90	2023-12-28 20:54:10.41665+00	1	Instagram	2	[{"changed": {"fields": ["Name"]}}]	8	2
91	2023-12-29 07:48:13.492995+00	1	Altair Residences	2	[{"changed": {"fields": ["Price"]}}]	16	1
92	2023-12-29 11:12:39.492859+00	1	Altair Residences	2	[{"changed": {"fields": ["Price"]}}]	16	1
93	2023-12-29 11:12:44.960199+00	2	2	2	[{"changed": {"fields": ["Price"]}}]	16	1
94	2023-12-29 11:32:42.312171+00	3	Daşınmaz Əmlak növləri: Hansı daşınmaz əmlak növlərini təklif edirsiniz?	2	[{"changed": {"fields": ["Answer"]}}]	11	2
95	2023-12-29 11:51:10.724185+00	4	Əlavə Xidmətlər: Daşınmaz əmlak satışından başqa hansı əlavə xidmətlər verirsiniz?	2	[{"changed": {"fields": ["Answer"]}}]	11	2
96	2023-12-29 12:01:33.906957+00	9	Ağıllı İnvestisiya ilə Dərhal Qazanc: Mən öz investisiyamdan dərhal necə qazanmağa başlaya bilərəm?	2	[{"changed": {"fields": ["Answer"]}}]	11	2
97	2023-12-29 12:05:55.008395+00	10	Kirayə Verilməsi Dəstəyi: Əmlakın sərfəli və etibarlı şəkildə kirayəyə verilməsi üçün hansı dəstəyi veririsiniz?	2	[{"changed": {"fields": ["Answer"]}}]	11	2
98	2023-12-29 12:12:30.667191+00	12	Ağıllı İnvestisiya üçün əmlak növləri: Təklif etdiyiniz “Ağıllı İnvestisiya” konseptinə hansı daşınmaz əmlak növləri daha uyğundur?	2	[{"changed": {"fields": ["Question", "Answer"]}}]	11	2
99	2024-01-02 17:51:50.127118+00	1	Main Section	2	[{"changed": {"fields": ["Button text"]}}]	21	2
100	2024-01-02 21:59:49.584635+00	1	Ümumi Sayt Məlumatlar	2	[{"changed": {"fields": ["Address", "Email", "Phone", "Whatsapp link", "Telegram link", "Copyright"]}}]	7	2
101	2024-01-02 22:02:23.559991+00	1	Ümumi Sayt Məlumatlar	2	[{"changed": {"fields": ["Countdown enddate"]}}]	7	2
102	2024-01-02 22:02:57.863796+00	2	Facebook	2	[{"changed": {"fields": ["Link"]}}]	8	2
103	2024-01-02 22:05:20.235454+00	1	Instagram	2	[{"changed": {"fields": ["Link"]}}]	8	2
104	2024-01-02 22:32:22.940224+00	3	Linkedin	2	[]	8	2
105	2024-01-02 22:36:47.895693+00	1	Instagram	2	[{"changed": {"fields": ["Icon"]}}]	8	2
106	2024-01-02 22:37:47.052302+00	3	Linkedin	3		8	2
107	2024-01-02 22:38:49.443386+00	1	Ümumi Sayt Məlumatlar	2	[{"changed": {"fields": ["Countdown enddate"]}}]	7	2
108	2024-01-02 22:54:13.349602+00	4	youtube	1	[{"added": {}}]	8	2
109	2024-01-02 22:56:36.081115+00	2	Facebook	2	[{"changed": {"fields": ["Icon"]}}]	8	2
110	2024-01-03 08:37:01.021433+00	4	Fuad Məmmədov	2	[{"changed": {"fields": ["Icon", "Text"]}}]	9	2
111	2024-01-03 08:40:30.581123+00	4	Fuad Məmmədov	2	[{"changed": {"fields": ["Icon"]}}]	9	2
112	2024-01-03 08:41:36.316161+00	4	Fuad Məmmədov	2	[{"changed": {"fields": ["Icon"]}}]	9	2
113	2024-01-03 09:42:11.454149+00	1	Emin Vali	2	[{"changed": {"fields": ["Position"]}}]	9	1
114	2024-01-03 09:42:16.12788+00	4	Fuad Məmmədov	2	[{"changed": {"fields": ["Position"]}}]	9	1
115	2024-01-03 09:42:19.828225+00	3	Emin	2	[{"changed": {"fields": ["Position"]}}]	9	1
116	2024-01-03 09:42:25.198264+00	2	Emin	2	[{"changed": {"fields": ["Position"]}}]	9	1
117	2024-01-04 22:39:37.660353+00	1	Altair Residences	2	[{"changed": {"fields": ["\\u0130lkin kapital", "Ortalama Kiray\\u0259 G\\u0259liri", "\\u018fmlak\\u0131n 10 \\u0130l Sonrak\\u0131 D\\u0259y\\u0259ri", "Net Qazanc", "Kiray\\u0259\\u00e7i Yerl\\u0259\\u015fdirm\\u0259"]}}]	16	1
118	2024-01-04 22:40:16.127293+00	2	Altair Residences	2	[{"changed": {"fields": ["\\u0130lkin kapital", "Ortalama Kiray\\u0259 G\\u0259liri", "\\u018fmlak\\u0131n 10 \\u0130l Sonrak\\u0131 D\\u0259y\\u0259ri", "Net Qazanc", "Kiray\\u0259\\u00e7i Yerl\\u0259\\u015fdirm\\u0259", "Name"]}}]	16	1
119	2024-01-04 22:41:19.371011+00	2	Altair Residences	2	[{"changed": {"fields": ["\\u0130lkin kapital", "Ortalama Kiray\\u0259 G\\u0259liri", "\\u018fmlak\\u0131n 10 \\u0130l Sonrak\\u0131 D\\u0259y\\u0259ri", "Net Qazanc"]}}]	16	1
120	2024-01-05 15:04:56.855882+00	1	Ümumi Sayt Məlumatlar	2	[{"changed": {"fields": ["Whatsapp link"]}}]	7	2
121	2024-01-06 08:07:17.373242+00	1	Instagram	2	[{"changed": {"fields": ["Link"]}}]	8	2
122	2024-01-06 08:23:29.937688+00	3	Google Tag Manager	2	[]	37	2
123	2024-01-06 08:23:34.084144+00	2	Google Tag Manager	2	[]	37	2
124	2024-01-06 08:26:52.108359+00	4	Fuad Məmmədov	2	[{"changed": {"fields": ["Text"]}}]	9	2
125	2024-01-06 08:26:57.207586+00	4	Fuad Məmmədov	2	[]	9	2
126	2024-01-06 08:28:54.716053+00	4	Fuad Məmmədov	2	[{"changed": {"fields": ["Text", "Position"]}}]	9	2
127	2024-01-06 08:30:44.943476+00	4	Fuad Məmmədov	2	[{"changed": {"fields": ["Text", "Position"]}}]	9	2
128	2024-01-06 08:32:14.241347+00	4	Fuad Məmmədov	2	[{"changed": {"fields": ["Text", "Position"]}}]	9	2
129	2024-01-06 08:32:32.86944+00	4	Fuad Məmmədov	2	[{"changed": {"fields": ["Text"]}}]	9	2
130	2024-01-06 08:32:41.297877+00	4	Fuad Məmmədov	2	[{"changed": {"fields": ["Text"]}}]	9	2
131	2024-01-06 08:33:08.325801+00	4	Fuad Məmmədov	2	[{"changed": {"fields": ["Text"]}}]	9	2
132	2024-01-06 08:36:35.95156+00	3	Oğuzhan Akdoğan	2	[{"changed": {"fields": ["Title", "Text", "Position"]}}]	9	2
133	2024-01-06 08:48:52.995135+00	3	Oğuzhan Akdoğan	2	[{"changed": {"fields": ["Icon", "Text"]}}]	9	2
134	2024-01-06 08:50:02.052811+00	3	Oğuzhan Akdoğan	2	[{"changed": {"fields": ["Icon"]}}]	9	2
135	2024-01-06 08:53:35.288924+00	3	Oğuzhan Akdoğan	2	[{"changed": {"fields": ["Icon"]}}]	9	2
136	2024-01-06 08:55:59.96933+00	3	Oğuzhan Akdoğan	2	[{"changed": {"fields": ["Icon"]}}]	9	2
137	2024-01-06 08:56:47.310129+00	3	Oğuzhan Akdoğan	2	[{"changed": {"fields": ["Icon"]}}]	9	2
138	2024-01-06 09:11:08.926258+00	2	Ləman Namazova	2	[{"changed": {"fields": ["Icon", "Title", "Text", "Position"]}}]	9	2
139	2024-01-06 09:11:27.885804+00	2	Ləman Namazova	2	[{"changed": {"fields": ["Text"]}}]	9	2
140	2024-01-06 09:14:14.788384+00	2	Ləman Namazova	2	[{"changed": {"fields": ["Icon"]}}]	9	2
141	2024-01-06 09:38:19.42919+00	1	Orxan Namazov	2	[{"changed": {"fields": ["Icon", "Title", "Text", "Position"]}}]	9	2
142	2024-01-06 11:08:11.399674+00	3	Leyla Quliyeva	2	[{"changed": {"fields": ["User image", "Full name", "Position", "Text"]}}]	12	2
143	2024-01-06 11:09:17.187957+00	3	Leyla Quliyeva	2	[{"changed": {"fields": ["User image"]}}]	12	2
144	2024-01-06 11:29:39.731235+00	2	Rüstəm Qasımov	2	[{"changed": {"fields": ["User image", "Full name", "Position", "Text"]}}]	12	2
145	2024-01-06 11:32:44.985334+00	1	Əli Məmmədov	2	[{"changed": {"fields": ["User image", "Full name", "Position", "Text"]}}]	12	2
146	2024-01-06 11:39:57.097488+00	5	Gülnarə Əliyeva	1	[{"added": {}}]	12	2
147	2024-01-06 11:44:21.558968+00	3	Leyla Quliyeva	2	[{"changed": {"fields": ["Background image"]}}]	12	2
148	2024-01-06 11:47:16.923216+00	2	Rüstəm Qasımov	2	[{"changed": {"fields": ["Background image"]}}]	12	2
149	2024-01-06 11:51:50.235384+00	1	Əli Məmmədov	2	[{"changed": {"fields": ["Background image"]}}]	12	2
150	2024-01-06 11:56:15.552797+00	4	Vagif Abbasov	2	[{"changed": {"fields": ["Background image"]}}]	12	2
151	2024-01-06 12:21:22.226372+00	1	Evin dəyərinin yarısını siz, yarısını isə kiraçinız ödəyir!	2	[{"changed": {"fields": ["Title"]}}]	14	2
152	2024-01-06 12:33:27.143935+00	4	Ən əsası: Dərhal gəlir əldə etməyə başlayırsınız!	2	[]	14	2
153	2024-01-06 12:33:32.570153+00	1	Evin dəyərinin yarısını siz, yarısını isə kiraçinız ödəyir!	2	[]	14	2
154	2024-01-08 13:29:05.320429+00	1	Main Section	2	[{"changed": {"fields": ["Background image"]}}]	21	1
155	2024-01-08 13:29:34.449816+00	1	Main Section	2	[{"changed": {"fields": ["Background image"]}}]	21	1
156	2024-01-08 13:30:47.274528+00	1	Main Section	2	[{"changed": {"fields": ["Background image"]}}]	21	1
157	2024-01-08 14:27:25.034691+00	1	Ümumi Sayt Məlumatlar	2	[{"changed": {"fields": ["Logo white"]}}]	7	1
158	2024-01-08 14:28:19.930284+00	1	Main Section	2	[{"changed": {"fields": ["Title", "Text"]}}]	21	1
159	2024-01-08 14:39:53.105338+00	1	Main Section	2	[{"changed": {"fields": ["Text", "Text2", "Text3"]}}]	21	1
160	2024-01-09 06:57:35.813047+00	1	İnvestisiyanız gündəlik dəyər qazanacaq!	1	[{"added": {}}]	41	1
161	2024-01-09 06:57:56.359149+00	2	İnvestisiyanız gündəlik dəyər qazanacaq!	1	[{"added": {}}]	41	1
162	2024-01-09 06:58:22.756215+00	3	İnvestisiyanız gündəlik dəyər qazanacaq!	1	[{"added": {}}]	41	1
163	2024-01-09 07:30:34.965865+00	1	Niyə Smart Invest	2	[{"changed": {"fields": ["Text", "Button text"]}}]	28	2
164	2024-01-09 07:44:30.965701+00	1	SUALLARINIZ VAR? 	2	[{"changed": {"fields": ["Title"]}}]	31	2
165	2024-01-09 07:52:30.726928+00	1	Processes Section	1	[{"added": {}}]	23	1
166	2024-01-09 07:53:06.606106+00	1	Processes Section	2	[{"changed": {"fields": ["Process1 icon", "Process2 icon", "Process3 icon", "Process4 icon"]}}]	23	1
167	2024-01-09 07:53:52.758726+00	1	SUALLARINIZ VAR? 	2	[{"added": {"name": "punktlar", "object": "M\\u0259nziliniz ayda ne\\u00e7iy\\u0259 icar\\u0259y\\u0259 veril\\u0259 bil\\u0259r?"}}, {"added": {"name": "punktlar", "object": "Hans\\u0131 m\\u0259nzil siz\\u0259 \\"Oturum \\u0130zini\\" ver\\u0259 bil\\u0259r?"}}, {"changed": {"name": "punktlar", "object": "Real q\\u0259lir nec\\u0259 hesablan\\u0131r?", "fields": ["Name"]}}, {"changed": {"name": "punktlar", "object": "\\u0130potekan\\u0131 hans\\u0131 bank verecek?", "fields": ["Name"]}}, {"changed": {"name": "punktlar", "object": "\\u0130poteka limitiniz n\\u0259q\\u0259d\\u0259r ola bil\\u0259r?", "fields": ["Name"]}}, {"changed": {"name": "punktlar", "object": "Hans\\u0131 s\\u0259n\\u0259dl\\u0259r t\\u0259l\\u0259b olunur?", "fields": ["Name"]}}]	31	2
168	2024-01-09 08:10:21.220223+00	1	Processes Section	2	[{"changed": {"fields": ["Title", "Process2 text"]}}]	23	2
169	2024-01-09 08:13:59.601088+00	1	Form bölməsi	2	[{"changed": {"fields": ["Title", "Form button text"]}}]	30	2
170	2024-01-09 08:35:05.599731+00	1	Form bölməsi	2	[{"changed": {"fields": ["Image"]}}]	30	2
171	2024-01-09 08:39:42.557493+00	4	Ən əsası: Dərhal gəlir əldə etməyə başlayırsınız!	2	[]	14	2
172	2024-01-09 08:44:46.54459+00	2	İlin 300 günü günəşli hava olan İqlim və Zəlzələ riski olmayan bir yerdə yatırım edəcəksiniz!	2	[{"changed": {"fields": ["Title"]}}]	14	2
173	2024-01-09 10:09:29.329741+00	3	İnvestisiyanız gündəlik dəyər qazanacaq!Test	2	[{"changed": {"fields": ["Title"]}}]	41	1
174	2024-01-09 10:10:36.336675+00	1	İnvestisiyanız gündəlik dəyər qazanacaq!	2	[{"changed": {"fields": ["Text"]}}]	41	1
175	2024-01-10 06:51:09.708044+00	1	Slider Section	1	[{"added": {}}]	42	1
176	2024-01-10 06:51:19.973941+00	2	Kalkulyator Parametrləri	2	[{"changed": {"fields": ["B\\u00f6lm\\u0259nin ba\\u015fl\\u0131\\u011f\\u0131"]}}]	39	1
177	2024-01-10 09:56:04.831639+00	4	youtube	2	[{"changed": {"fields": ["Icon"]}}]	8	1
178	2024-01-10 09:56:11.156143+00	2	Facebook	2	[{"changed": {"fields": ["Icon"]}}]	8	1
179	2024-01-10 09:56:18.071433+00	1	Instagram	2	[{"changed": {"fields": ["Icon"]}}]	8	1
180	2024-01-10 09:57:40.790235+00	1	Instagram	2	[{"changed": {"fields": ["Icon"]}}]	8	1
181	2024-01-10 09:57:47.903375+00	2	Facebook	2	[{"changed": {"fields": ["Icon"]}}]	8	1
182	2024-01-10 09:57:55.825998+00	4	youtube	2	[{"changed": {"fields": ["Icon"]}}]	8	1
183	2024-01-10 10:08:40.0314+00	1	Form bölməsi	2	[{"changed": {"fields": ["Image"]}}]	30	1
184	2024-01-10 10:09:37.327668+00	1	Form bölməsi	2	[{"changed": {"fields": ["Image"]}}]	30	1
185	2024-01-10 10:14:06.512265+00	1	Form bölməsi	2	[{"changed": {"fields": ["Image"]}}]	30	1
186	2024-01-10 14:35:10.165238+00	1	Feedback Section	2	[{"changed": {"fields": ["Title"]}}]	19	1
187	2024-01-10 14:38:13.030249+00	1	Əli Məmmədov	2	[{"changed": {"fields": ["User image"]}}]	12	1
188	2024-01-10 14:39:02.028749+00	1	Əli Məmmədov	2	[{"changed": {"fields": ["Position"]}}]	12	1
189	2024-01-10 16:11:53.074624+00	3	Oğuzhan Akdoğan	2	[{"changed": {"fields": ["Icon"]}}]	9	1
190	2024-01-10 16:12:01.391894+00	2	Ləman Namazova	2	[{"changed": {"fields": ["Icon"]}}]	9	1
191	2024-01-10 16:12:11.426622+00	1	Orxan Namazov	2	[{"changed": {"fields": ["Icon"]}}]	9	1
192	2024-01-10 17:30:49.335183+00	1	Main Section	2	[{"changed": {"fields": ["Text", "Text2"]}}]	21	2
193	2024-01-11 06:35:06.132843+00	1	Main Section	2	[{"changed": {"fields": ["Button text"]}}]	21	2
194	2024-01-11 06:56:58.20246+00	1	Offers Section	2	[{"changed": {"fields": ["Form text", "Form button text"]}}]	22	2
195	2024-01-11 07:04:27.075994+00	1	SUALLARINIZ VAR? 	2	[{"changed": {"fields": ["Title"]}}]	31	2
196	2024-01-11 07:05:22.408522+00	4	Fuad Məmmədov	2	[{"changed": {"fields": ["Text"]}}]	9	2
197	2024-01-11 07:05:27.476893+00	4	Fuad Məmmədov	2	[]	9	2
198	2024-01-11 07:05:38.596086+00	4	Fuad Məmmədov	2	[]	9	2
199	2024-01-11 07:05:45.101956+00	4	Fuad Məmmədov	2	[]	9	2
200	2024-01-11 07:05:50.263539+00	3	Oğuzhan Akdoğan	2	[{"changed": {"fields": ["Text"]}}]	9	2
201	2024-01-11 07:05:55.393131+00	2	Ləman Namazova	2	[{"changed": {"fields": ["Text"]}}]	9	2
202	2024-01-11 07:06:02.108154+00	1	Orxan Namazov	2	[{"changed": {"fields": ["Text"]}}]	9	2
203	2024-01-11 07:11:33.260405+00	2	Altair Residences	2	[{"changed": {"fields": ["\\u0130lkin kapital"]}}]	16	2
204	2024-01-11 07:13:44.733797+00	2	Altair Residences	2	[{"changed": {"fields": ["\\u018fmlak\\u0131n Indiki D\\u0259y\\u0259ri"]}}]	16	2
205	2024-01-11 07:14:17.119352+00	2	Altair Residences	2	[]	16	2
206	2024-01-11 07:19:00.881443+00	1	Feedback Section	2	[{"changed": {"fields": ["Title"]}}]	19	2
207	2024-01-11 07:19:27.213046+00	1	Feedback Section	2	[{"changed": {"fields": ["Title"]}}]	19	2
208	2024-01-11 07:20:04.305519+00	5	Gülnarə Əliyeva	2	[{"changed": {"fields": ["Text"]}}]	12	2
209	2024-01-11 07:21:22.133217+00	3	Daşınmaz əmlak növləri: Hansı daşınmaz əmlak növlərini təklif edirsiniz?	2	[{"changed": {"fields": ["Question"]}}]	11	2
210	2024-01-11 08:20:38.120971+00	2	Rüstəm Qasımov	2	[{"changed": {"fields": ["Text"]}}]	12	2
211	2024-01-11 08:21:05.227425+00	4	Vagif Abbasov	2	[]	12	2
212	2024-01-11 08:21:53.908511+00	3	Leyla Quliyeva	2	[{"changed": {"fields": ["Text"]}}]	12	2
213	2024-01-11 08:28:59.930962+00	1	Vugar Guliyev	2	[{"changed": {"fields": ["User image", "Full name", "Text"]}}]	12	2
214	2024-01-11 08:44:00.443997+00	5	Gülnarə Əliyeva	2	[{"changed": {"fields": ["Text"]}}]	12	2
215	2024-01-11 09:03:50.447293+00	6	Emin Məmmədov	1	[{"added": {}}]	12	2
216	2024-01-11 09:04:22.441242+00	1	Vugar Guliyev	2	[{"changed": {"fields": ["Text"]}}]	12	2
217	2024-01-11 09:26:37.744782+00	7	Səməd Muradov	1	[{"added": {}}]	12	2
218	2024-01-11 09:51:40.049279+00	4	Hubspot Individual	1	[{"added": {}}]	37	2
219	2024-01-11 09:52:22.430249+00	4	Hubspot Individual	3		37	2
220	2024-01-11 09:52:34.3972+00	5	HS individual	1	[{"added": {}}]	37	2
221	2024-01-11 09:55:00.26683+00	5	HS individual	2	[{"changed": {"fields": ["Script"]}}]	37	2
222	2024-01-11 09:55:31.019696+00	5	HS individual	2	[{"changed": {"fields": ["Location"]}}]	37	2
223	2024-01-11 13:16:47.28273+00	5	HS individual	3		37	2
224	2024-01-11 13:57:28.045265+00	1	Main Section	2	[{"changed": {"fields": ["Text2"]}}]	21	2
225	2024-01-11 13:57:47.850181+00	1	Main Section	2	[{"changed": {"fields": ["Text2"]}}]	21	2
226	2024-01-11 13:58:24.020643+00	1	Main Section	2	[{"changed": {"fields": ["Button text"]}}]	21	2
227	2024-01-11 19:43:33.157081+00	1	Vüqar Quliyev	2	[{"changed": {"fields": ["Full name", "Position", "Text"]}}]	12	2
228	2024-01-11 19:44:41.92808+00	1	Vüqar Quliyev	2	[{"changed": {"fields": ["Text"]}}]	12	2
229	2024-01-11 19:47:56.264126+00	7	Səməd Muradov	2	[{"changed": {"fields": ["Text"]}}]	12	2
230	2024-01-11 19:48:26.812461+00	7	Səməd Muradov	2	[{"changed": {"fields": ["Position"]}}]	12	2
231	2024-01-11 19:52:52.28125+00	6	Emin Məmmədov	2	[{"changed": {"fields": ["Text"]}}]	12	2
232	2024-01-11 19:54:12.405688+00	6	Emin Məmmədov	2	[{"changed": {"fields": ["Position"]}}]	12	2
233	2024-01-11 19:55:44.778892+00	5	Gülnarə Əfəndiyeva	2	[{"changed": {"fields": ["Full name"]}}]	12	2
234	2024-01-11 21:12:11.111349+00	2	Rüstəm Qasımov	2	[{"changed": {"fields": ["Position", "Text"]}}]	12	2
235	2024-01-11 21:12:48.000585+00	2	Rüstəm Qasımov	2	[{"changed": {"fields": ["Text"]}}]	12	2
236	2024-01-11 21:14:04.962957+00	2	Rüstəm Qasımov	2	[{"changed": {"fields": ["Text"]}}]	12	2
237	2024-01-11 21:14:36.704698+00	2	Rüstəm Qasımov	2	[{"changed": {"fields": ["Text"]}}]	12	2
238	2024-01-11 21:15:11.513043+00	2	Rüstəm Qasımov	2	[{"changed": {"fields": ["Text"]}}]	12	2
239	2024-01-11 21:16:16.216523+00	1	Vüqar Quliyev	2	[{"changed": {"fields": ["Position"]}}]	12	2
240	2024-01-11 21:16:47.603275+00	5	Gülnarə Əfəndiyeva	2	[{"changed": {"fields": ["Position"]}}]	12	2
241	2024-01-11 21:17:29.539367+00	4	Vaqif Abbasov	2	[{"changed": {"fields": ["Full name"]}}]	12	2
242	2024-01-11 21:18:15.721001+00	1	Vüqar Quliyev	2	[{"changed": {"fields": ["Position"]}}]	12	2
243	2024-01-11 21:19:22.127014+00	1	Feedback Section	2	[{"changed": {"fields": ["Title"]}}]	19	2
244	2024-01-11 21:22:11.71217+00	1	Processes Section	2	[{"changed": {"fields": ["Process1 title"]}}]	23	2
245	2024-01-11 21:25:35.548903+00	1	Ümumi Sayt Məlumatlar	2	[{"changed": {"fields": ["Favicon"]}}]	7	2
246	2024-01-11 21:26:09.407395+00	1	Ümumi Sayt Məlumatlar	2	[{"changed": {"fields": ["Favicon"]}}]	7	2
247	2024-01-11 21:28:11.308604+00	1	Niyə Smart Invest	2	[{"changed": {"fields": ["Title", "Text"]}}]	28	2
248	2024-01-11 21:29:03.629276+00	1	Niyə Smart Invest	2	[{"changed": {"fields": ["Title", "Text"]}}]	28	2
249	2024-01-11 21:29:37.801674+00	1	Niyə Smart Invest	2	[{"changed": {"fields": ["Text"]}}]	28	2
250	2024-01-11 21:31:26.251772+00	1	Niyə Smart Invest	2	[{"changed": {"fields": ["Title", "Text"]}}]	28	2
251	2024-01-11 21:32:29.383494+00	1	Niyə Smart Invest	2	[{"changed": {"fields": ["Text"]}}]	28	2
252	2024-01-11 21:32:56.264612+00	1	Niyə Smart Invest	2	[{"changed": {"fields": ["Text"]}}]	28	2
253	2024-01-11 21:38:40.97878+00	7	Səməd Muradov	2	[{"changed": {"fields": ["Text"]}}]	12	2
254	2024-01-11 21:41:28.177662+00	5	Gülnarə Əfəndiyeva	2	[{"changed": {"fields": ["Text"]}}]	12	2
255	2024-01-11 21:42:58.613432+00	2	Rüstəm Qasımov	2	[{"changed": {"fields": ["Text"]}}]	12	2
256	2024-01-11 21:53:16.464911+00	3	Leyla Quliyeva	2	[{"changed": {"fields": ["Text"]}}]	12	2
257	2024-01-12 09:08:34.015926+00	3	İnvestisiyanız sizə gündəlik dəyər qazandıracaq!	2	[{"changed": {"fields": ["Title", "Text"]}}]	41	2
258	2024-01-12 09:18:49.847386+00	3	İnvestisiyanız sizə gündəlik dəyər qazandıracaq!	2	[{"changed": {"fields": ["Background image"]}}]	41	2
259	2024-01-12 09:26:18.679722+00	3	İnvestisiyanız sizə gündəlik dəyər qazandıracaq!	2	[{"changed": {"fields": ["Background image"]}}]	41	2
260	2024-01-12 09:51:43.136398+00	3	İnvestisiyanız sizə gündəlik dəyər qazandıracaq!	2	[{"changed": {"fields": ["Text"]}}]	41	1
261	2024-01-12 09:52:04.653428+00	3	İnvestisiyanız sizə gündəlik dəyər qazandıracaq!	2	[{"changed": {"fields": ["Text"]}}]	41	1
262	2024-01-12 09:52:49.74976+00	3	İnvestisiyanız sizə gündəlik dəyər qazandıracaq! Evin dəyərinin yarısını siz yarısını kirayəçiniz odəyir. Nəticədə siz evinizi 50% endirimlə alırsınız!	2	[{"changed": {"fields": ["Title", "Text"]}}]	41	2
263	2024-01-12 09:53:35.633692+00	3	İnvestisiyanız sizə gündəlik dəyər qazandıracaq! Evin dəyərinin yarısını siz yarısını kirayəçiniz odəyir.	2	[{"changed": {"fields": ["Title"]}}]	41	2
264	2024-01-12 11:06:33.824127+00	1	Calendly	1	[{"added": {}}]	43	1
265	2024-01-12 11:09:24.122875+00	1	Main Section	2	[{"changed": {"fields": ["Background image"]}}]	21	1
266	2024-01-12 11:12:05.829736+00	1	Main Section	2	[{"changed": {"fields": ["Background image"]}}]	21	1
267	2024-01-12 11:12:12.62534+00	1	HubSpot Webinar	2	[{"changed": {"fields": ["Name", "Script"]}}]	43	2
268	2024-01-12 11:15:24.978373+00	1	Main Section	2	[{"changed": {"fields": ["Background image"]}}]	21	1
269	2024-01-15 07:13:47.33177+00	2	Zərzələ riski sizi qətiyyən narahat etməyəcək.	2	[{"changed": {"fields": ["Background image", "Title", "Text"]}}]	41	2
270	2024-01-15 07:25:07.107069+00	1	Turizm üçün ideal iqlim şəraiti - ilin 300 qünü qünəşli hava !	2	[{"changed": {"fields": ["Background image", "Title", "Text"]}}]	41	2
271	2024-01-15 07:45:33.336335+00	4	AVRO kimi güclü və stabil valyutada gəlir əldə edirsiniz!	1	[{"added": {}}]	41	2
272	2024-01-15 07:57:58.5106+00	5	Ən əsası: Dərhal gəlir əldə etməyə başlayırsınız!	1	[{"added": {}}]	41	2
273	2024-01-15 13:34:36.670909+00	5	Ən əsası: Dərhal gəlir əldə etməyə başlayırsınız!	2	[{"changed": {"fields": ["Button url"]}}]	41	2
274	2024-01-15 13:35:07.265563+00	5	Ən əsası: Dərhal gəlir əldə etməyə başlayırsınız!	2	[{"changed": {"fields": ["Button url"]}}]	41	2
275	2024-01-15 13:35:29.880153+00	5	Ən əsası: Dərhal gəlir əldə etməyə başlayırsınız!	2	[{"changed": {"fields": ["Button url"]}}]	41	2
276	2024-01-15 13:35:59.103087+00	5	Ən əsası: Dərhal gəlir əldə etməyə başlayırsınız!	2	[{"changed": {"fields": ["Button url"]}}]	41	2
277	2024-01-15 13:36:53.039264+00	5	Ən əsası: Dərhal gəlir əldə etməyə başlayırsınız!	2	[{"changed": {"fields": ["Button url"]}}]	41	2
278	2024-01-15 20:27:43.944869+00	1	Main Section	2	[{"changed": {"fields": ["Background image"]}}]	21	1
279	2024-01-16 08:33:20.924094+00	1	Main Section	2	[{"changed": {"fields": ["Text"]}}]	21	2
280	2024-01-16 09:57:46.802265+00	3	State of Art	1	[{"added": {}}]	16	2
281	2024-01-16 10:02:50.374099+00	3	State of Art	2	[{"added": {"name": "image", "object": "\\u015f\\u0259kil"}}, {"added": {"name": "image", "object": "\\u015f\\u0259kil"}}, {"added": {"name": "image", "object": "\\u015f\\u0259kil"}}, {"added": {"name": "image", "object": "\\u015f\\u0259kil"}}, {"added": {"name": "image", "object": "\\u015f\\u0259kil"}}, {"added": {"name": "image", "object": "\\u015f\\u0259kil"}}, {"added": {"name": "image", "object": "\\u015f\\u0259kil"}}, {"added": {"name": "image", "object": "\\u015f\\u0259kil"}}, {"added": {"name": "image", "object": "\\u015f\\u0259kil"}}, {"added": {"name": "image", "object": "\\u015f\\u0259kil"}}, {"added": {"name": "image", "object": "\\u015f\\u0259kil"}}, {"added": {"name": "image", "object": "\\u015f\\u0259kil"}}]	16	2
282	2024-01-16 10:45:50.743068+00	3	Orkhan	1	[{"added": {}}]	4	2
283	2024-01-16 10:48:04.404579+00	3	Orkhan	2	[{"changed": {"fields": ["First name", "Last name", "Email address"]}}]	4	2
284	2024-01-16 10:50:37.203307+00	3	Orkhan	2	[{"changed": {"fields": ["Staff status", "User permissions"]}}]	4	2
285	2024-01-17 09:04:36.541395+00	4	State of art	1	[{"added": {}}, {"added": {"name": "image", "object": "\\u015f\\u0259kil"}}, {"added": {"name": "image", "object": "\\u015f\\u0259kil"}}, {"added": {"name": "image", "object": "\\u015f\\u0259kil"}}, {"added": {"name": "image", "object": "\\u015f\\u0259kil"}}]	16	3
286	2024-01-17 17:02:47.492985+00	5	Ən əsası: Dərhal gəlir əldə etməyə başlayırsınız!	2	[{"changed": {"fields": ["Button text", "Button url"]}}]	41	2
287	2024-01-17 17:03:16.657996+00	5	Ən əsası: Dərhal gəlir əldə etməyə başlayırsınız!	2	[{"changed": {"fields": ["Button text", "Button url"]}}]	41	2
288	2024-01-17 17:03:36.696274+00	4	AVRO kimi güclü və stabil valyutada gəlir əldə edirsiniz!	2	[{"changed": {"fields": ["Button text"]}}]	41	2
289	2024-01-17 17:04:14.747746+00	2	Zərzələ riski sizi qətiyyən narahat etməyəcək.	2	[{"changed": {"fields": ["Button text"]}}]	41	2
290	2024-01-17 18:50:52.253179+00	5	Ən əsası: Dərhal gəlir əldə etməyə başlayırsınız!	2	[{"changed": {"fields": ["Button text color"]}}]	41	2
291	2024-01-17 18:51:17.82254+00	5	Ən əsası: Dərhal gəlir əldə etməyə başlayırsınız!	2	[{"changed": {"fields": ["Button text color"]}}]	41	2
292	2024-01-17 18:53:16.991405+00	5	Ən əsası: Dərhal gəlir əldə etməyə başlayırsınız!	2	[{"changed": {"fields": ["Button color", "Button text color"]}}]	41	2
293	2024-01-17 18:57:43.668904+00	5	Ən əsası: Dərhal gəlir əldə etməyə başlayırsınız!	2	[{"changed": {"fields": ["Black layer"]}}]	41	2
294	2024-01-17 19:00:38.408541+00	5	Ən əsası: Dərhal gəlir əldə etməyə başlayırsınız!	2	[{"changed": {"fields": ["Black layer"]}}]	41	2
295	2024-01-17 19:01:47.286652+00	5	Ən əsası: Dərhal gəlir əldə etməyə başlayırsınız!	2	[{"changed": {"fields": ["Button color"]}}]	41	2
296	2024-01-17 19:02:04.147827+00	5	Ən əsası: Dərhal gəlir əldə etməyə başlayırsınız!	2	[{"changed": {"fields": ["Button text color"]}}]	41	2
297	2024-01-17 19:08:30.791268+00	5	Ən əsası: Dərhal gəlir əldə etməyə başlayırsınız!	2	[{"changed": {"fields": ["Black layer css"]}}]	41	1
298	2024-01-17 19:09:57.309406+00	5	Ən əsası: Dərhal gəlir əldə etməyə başlayırsınız!	2	[]	41	1
299	2024-01-17 19:10:05.87228+00	5	Ən əsası: Dərhal gəlir əldə etməyə başlayırsınız!	2	[]	41	1
300	2024-01-17 19:11:58.299745+00	5	Ən əsası: Dərhal gəlir əldə etməyə başlayırsınız!	2	[{"changed": {"fields": ["Black layer css"]}}]	41	1
301	2024-01-17 19:12:10.839304+00	5	Ən əsası: Dərhal gəlir əldə etməyə başlayırsınız!	2	[{"changed": {"fields": ["Black layer css"]}}]	41	1
302	2024-01-17 19:12:29.991308+00	5	Ən əsası: Dərhal gəlir əldə etməyə başlayırsınız!	2	[{"changed": {"fields": ["Black layer css"]}}]	41	1
303	2024-01-17 19:14:04.577118+00	4	AVRO kimi güclü və stabil valyutada gəlir əldə edirsiniz!	2	[{"changed": {"fields": ["Black layer css"]}}]	41	1
304	2024-01-17 19:14:08.166181+00	3	İnvestisiyanız sizə gündəlik dəyər qazandıracaq! Evin dəyərinin yarısını siz yarısını kirayəçiniz odəyir.	2	[{"changed": {"fields": ["Black layer css"]}}]	41	1
305	2024-01-17 19:14:11.246863+00	2	Zərzələ riski sizi qətiyyən narahat etməyəcək.	2	[{"changed": {"fields": ["Black layer css"]}}]	41	1
306	2024-01-17 19:14:11.501252+00	5	Ən əsası: Dərhal gəlir əldə etməyə başlayırsınız!	2	[{"changed": {"fields": ["Black layer css"]}}]	41	2
307	2024-01-17 19:14:14.457387+00	1	Turizm üçün ideal iqlim şəraiti - ilin 300 qünü qünəşli hava !	2	[{"changed": {"fields": ["Black layer css"]}}]	41	1
308	2024-01-17 19:14:18.824285+00	5	Ən əsası: Dərhal gəlir əldə etməyə başlayırsınız!	2	[{"changed": {"fields": ["Black layer css"]}}]	41	1
309	2024-01-17 19:15:06.963328+00	5	Ən əsası: Dərhal gəlir əldə etməyə başlayırsınız!	2	[{"changed": {"fields": ["Black layer css"]}}]	41	2
310	2024-01-17 19:15:43.25608+00	5	Ən əsası: Dərhal gəlir əldə etməyə başlayırsınız!	2	[{"changed": {"fields": ["Black layer css"]}}]	41	2
311	2024-01-17 19:20:04.926486+00	5	Ən əsası: Dərhal gəlir əldə etməyə başlayırsınız!	2	[{"changed": {"fields": ["Black layer css"]}}]	41	1
312	2024-01-17 19:20:18.483916+00	5	Ən əsası: Dərhal gəlir əldə etməyə başlayırsınız!	2	[{"changed": {"fields": ["Black layer css"]}}]	41	1
313	2024-01-17 19:22:11.682421+00	5	Ən əsası: Dərhal gəlir əldə etməyə başlayırsınız!	2	[{"changed": {"fields": ["Black layer css"]}}]	41	2
314	2024-01-17 19:22:27.303396+00	4	AVRO kimi güclü və stabil valyutada gəlir əldə edirsiniz!	2	[{"changed": {"fields": ["Black layer css"]}}]	41	2
315	2024-01-17 19:22:40.43507+00	5	Ən əsası: Dərhal gəlir əldə etməyə başlayırsınız!	2	[{"changed": {"fields": ["Black layer css"]}}]	41	2
316	2024-01-17 19:22:50.143962+00	4	AVRO kimi güclü və stabil valyutada gəlir əldə edirsiniz!	2	[{"changed": {"fields": ["Black layer css"]}}]	41	2
317	2024-01-17 19:23:14.407717+00	4	AVRO kimi güclü və stabil valyutada gəlir əldə edirsiniz!	2	[{"changed": {"fields": ["Black layer css"]}}]	41	2
318	2024-01-17 19:23:14.669723+00	5	Ən əsası: Dərhal gəlir əldə etməyə başlayırsınız!	2	[{"changed": {"fields": ["Black layer css"]}}]	41	2
319	2024-01-17 19:25:23.359296+00	4	AVRO kimi güclü və stabil valyutada gəlir əldə edirsiniz!	2	[{"changed": {"fields": ["Black layer css"]}}]	41	2
320	2024-01-17 19:30:49.186632+00	4	AVRO kimi güclü və stabil valyutada gəlir əldə edirsiniz!	2	[{"changed": {"fields": ["Black layer css"]}}]	41	2
321	2024-01-17 19:44:17.439741+00	1	Turizm üçün ideal iqlim şəraiti - ilin 300 qünü qünəşli hava !	2	[{"changed": {"fields": ["Black layer css"]}}]	41	1
322	2024-01-17 19:44:25.785205+00	5	Ən əsası: Dərhal gəlir əldə etməyə başlayırsınız!	2	[{"changed": {"fields": ["Black layer css"]}}]	41	1
323	2024-01-17 19:44:29.96301+00	4	AVRO kimi güclü və stabil valyutada gəlir əldə edirsiniz!	2	[{"changed": {"fields": ["Black layer css"]}}]	41	1
324	2024-01-17 19:44:34.891375+00	3	İnvestisiyanız sizə gündəlik dəyər qazandıracaq! Evin dəyərinin yarısını siz yarısını kirayəçiniz odəyir.	2	[{"changed": {"fields": ["Black layer css"]}}]	41	1
325	2024-01-17 19:44:39.577827+00	2	Zərzələ riski sizi qətiyyən narahat etməyəcək.	2	[{"changed": {"fields": ["Black layer css"]}}]	41	1
326	2024-01-18 07:23:43.582+00	5	Ən əsası: Dərhal gəlir əldə etməyə başlayırsınız!	2	[{"changed": {"fields": ["Black layer css mobile"]}}]	41	2
327	2024-01-18 07:27:46.339999+00	3	Evin dəyərinin yarısını siz yarısını kirayəçiniz odəyir.	2	[{"changed": {"fields": ["Title", "Button color", "Button text color", "Black layer css", "Black layer css mobile"]}}]	41	2
328	2024-01-18 07:28:29.016895+00	5	Ən əsası: Dərhal gəlir əldə etməyə başlayırsınız!	2	[{"changed": {"fields": ["Button text"]}}]	41	2
329	2024-01-18 07:43:52.987639+00	5	Ən əsası: Dərhal gəlir əldə etməyə başlayırsınız!	2	[{"changed": {"fields": ["Sorting"]}}]	41	2
330	2024-01-18 07:44:30.877006+00	3	Evin dəyərinin yarısını siz yarısını kirayəçiniz odəyir.	2	[{"changed": {"fields": ["Button text"]}}]	41	2
331	2024-01-18 07:44:54.896084+00	4	AVRO kimi güclü və stabil valyutada gəlir əldə edirsiniz!	2	[{"changed": {"fields": ["Sorting"]}}]	41	2
332	2024-01-18 07:45:21.996366+00	2	Zərzələ riski sizi qətiyyən narahat etməyəcək.	2	[{"changed": {"fields": ["Sorting", "Black layer css", "Black layer css mobile"]}}]	41	2
333	2024-01-18 07:45:46.983209+00	1	Turizm üçün ideal iqlim şəraiti - ilin 300 qünü qünəşli hava !	2	[{"changed": {"fields": ["Sorting", "Black layer css", "Black layer css mobile"]}}]	41	2
334	2024-01-18 07:47:59.013135+00	2	Zərzələ riski sizi <br> qətiyyən narahat etməyəcək.	2	[{"changed": {"fields": ["Title"]}}]	41	2
335	2024-01-18 07:50:02.752848+00	2	Zərzələ riski sizi qətiyyən narahat etməyəcək.	2	[{"changed": {"fields": ["Title"]}}]	41	2
336	2024-01-18 07:56:43.726773+00	2	Zərzələ riski sizi <br> qətiyyən narahat etməyəcək.	2	[{"changed": {"fields": ["Title"]}}]	41	2
337	2024-01-18 07:57:11.4051+00	2	Zərzələ riski sizi <br> qətiyyən narahat <br> etməyəcək.	2	[{"changed": {"fields": ["Title"]}}]	41	2
338	2024-01-18 07:59:56.579903+00	4	AVRO kimi güclü <br>və stabil valyutada <br> gəlir əldə edirsiniz!	2	[{"changed": {"fields": ["Title"]}}]	41	2
339	2024-01-18 08:01:10.464992+00	3	Evin dəyərinin <br>yarısını siz <br> yarısını kirayəçiniz <br>odəyir.	2	[{"changed": {"fields": ["Title"]}}]	41	2
340	2024-01-18 08:02:22.689004+00	1	Turizm üçün <br> ideal iqlim şəraiti <br> ilin 300 qünü <br> qünəşli hava !	2	[{"changed": {"fields": ["Title", "Button text"]}}]	41	2
341	2024-01-18 08:03:19.520642+00	1	Turizm üçün <br> ideal iqlim şəraiti. <br> Ilin 300 qünü <br> qünəşli hava !	2	[{"changed": {"fields": ["Title"]}}]	41	2
342	2024-01-18 08:04:27.242251+00	5	Ən əsası: <br>Dərhal gəlir <br> əldə etməyə <br> başlayırsınız!	2	[{"changed": {"fields": ["Title"]}}]	41	2
343	2024-01-18 08:10:31.145813+00	6	İnvestisiyanız sizə <br> gündəlik dəyər <br> qazandıracaq!	1	[{"added": {}}]	41	2
344	2024-01-18 08:11:21.028569+00	6	İnvestisiyanız sizə <br> gündəlik dəyər <br> qazandıracaq!	2	[{"changed": {"fields": ["Sorting"]}}]	41	2
345	2024-01-18 08:11:32.429921+00	2	Zərzələ riski sizi <br> qətiyyən narahat <br> etməyəcək.	2	[{"changed": {"fields": ["Sorting"]}}]	41	2
346	2024-01-18 08:48:02.109513+00	3	Evin dəyərinin <br>yarısını siz,<br> yarısını kirayəçiniz <br>ödəyir.	2	[{"changed": {"fields": ["Title"]}}]	41	2
347	2024-01-18 08:50:27.890476+00	3	<font size="5">Evin dəyərinin <br>yarısını siz,<br> yarısını kirayəçiniz <br>ödəyir.</font>	2	[{"changed": {"fields": ["Title"]}}]	41	2
348	2024-01-18 08:50:49.041199+00	3	<font size="25">Evin dəyərinin <br>yarısını siz,<br> yarısını kirayəçiniz <br>ödəyir.</font>	2	[{"changed": {"fields": ["Title"]}}]	41	2
349	2024-01-18 08:51:02.21616+00	3	<font size="15">Evin dəyərinin <br>yarısını siz,<br> yarısını kirayəçiniz <br>ödəyir.</font>	2	[{"changed": {"fields": ["Title"]}}]	41	2
350	2024-01-18 08:51:20.689162+00	3	<font size="12">Evin dəyərinin <br>yarısını siz,<br> yarısını kirayəçiniz <br>ödəyir.</font>	2	[{"changed": {"fields": ["Title"]}}]	41	2
351	2024-01-18 08:51:39.056624+00	3	<font size="10">Evin dəyərinin <br>yarısını siz,<br> yarısını kirayəçiniz <br>ödəyir.</font>	2	[{"changed": {"fields": ["Title"]}}]	41	2
352	2024-01-18 08:52:30.974977+00	3	<font size="10">Evin dəyərinin <br>yarısını siz,<br> yarısını <br> kirayəçiniz <br>ödəyir.</font>	2	[{"changed": {"fields": ["Title"]}}]	41	2
353	2024-01-18 08:55:37.293905+00	3	<font size="10">Evin dəyərinin <br>yarısını siz,<br> yarısını <br> <p style="color:#FF0000";>kirayəçiniz </p><br>ödəyir.</font>	2	[{"changed": {"fields": ["Title"]}}]	41	2
354	2024-01-18 08:56:08.701231+00	3	<font size="10">Evin dəyərinin <br>yarısını siz,<br> yarısını <br> <p style="color:#FF0000";>kirayəçiniz </p>ödəyir.</font>	2	[{"changed": {"fields": ["Title"]}}]	41	2
355	2024-01-18 08:56:57.750445+00	3	<font size="10">Evin dəyərinin <br>yarısını siz,<br> yarısını <br><p style="color:#FF0000";>kirayəçiniz</p>ödəyir.</font>	2	[{"changed": {"fields": ["Title"]}}]	41	2
356	2024-01-18 08:59:33.447176+00	3	<font size="10">Evin dəyərinin <br>yarısını siz,<br> yarısını <br><p style="color:#FF0000";> <b>kirayəçiniz</b></p>ödəyir.</font>	2	[{"changed": {"fields": ["Title"]}}]	41	2
357	2024-01-18 09:03:35.065843+00	3	<font size="9">Evin dəyərinin<br>yarısını siz,<br> yarısını<br><style="color:#FF0000";> <b>kirayəçiniz</b></style>ödəyir.</font>	2	[{"changed": {"fields": ["Title"]}}]	41	2
358	2024-01-18 09:04:44.955318+00	3	<font size="9">Evin dəyərinin<br>yarısını siz,<br> yarısını<br><p style="color:#FF0000";> <b>kirayəçiniz</b></p>ödəyir.</font>	2	[{"changed": {"fields": ["Title"]}}]	41	2
359	2024-01-18 09:05:24.659983+00	3	<font size="9">Evin dəyərinin<br>yarısını siz,<br> yarısını<br><p style="color:#FF0000";> <b>kirayəçiniz</b></p>ödəyir.</font>	2	[{"changed": {"fields": ["Text"]}}]	41	2
360	2024-01-18 09:05:37.088346+00	3	<font size="9">Evin dəyərinin<br>yarısını siz,<br> yarısını<br><h1 style="color:#FF0000";> <b>kirayəçiniz</b></h1>ödəyir.</font>	2	[{"changed": {"fields": ["Title", "Text"]}}]	41	2
361	2024-01-18 09:06:36.46321+00	3	<font size="9">Evin dəyərinin<br>yarısını siz,<br> yarısını<br><h2 style="color:#FF0000";> <b>kirayəçiniz</b></h2>ödəyir.</font>	2	[{"changed": {"fields": ["Title"]}}]	41	2
362	2024-01-18 09:07:02.842915+00	3	<font size="9">Evin dəyərinin<br>yarısını siz,<br> yarısını<br><h3 style="color:#FF0000";> <b>kirayəçiniz</b></h3>ödəyir.</font>	2	[{"changed": {"fields": ["Title"]}}]	41	2
363	2024-01-18 09:08:16.953212+00	3	Evin dəyərinin<br>yarısını siz,<br> yarısını<br><b>kirayəçiniz</b>ödəyir.	2	[{"changed": {"fields": ["Title"]}}]	41	2
364	2024-01-18 09:16:58.33467+00	3	Evin dəyərinin<br>yarısını siz,<br> yarısını<br><b>kirayəçiniz</b> ödəyir.	2	[{"changed": {"fields": ["Title"]}}]	41	2
365	2024-01-18 09:18:14.307216+00	3	Evin dəyərinin<br>yarısını siz,<br> yarısını kirayəçiniz <br>ödəyir.	2	[{"changed": {"fields": ["Title"]}}]	41	2
366	2024-01-18 09:26:22.529504+00	1	Antalya ildə <br> 15 milyondan çox <br>turist qarşılayır, <br> dörd fəsilin dördündədə!	2	[{"changed": {"fields": ["Title"]}}]	41	2
367	2024-01-18 09:32:08.98899+00	2	Zərzələ riski sizi <br> qətiyyən narahat <br> etməyəcək. Antalya dünyada <br>zəlzələ riski aşağı <br>olan regionlardan biridir.	2	[{"changed": {"fields": ["Title"]}}]	41	2
368	2024-01-18 09:33:14.266782+00	2	Zərzələ riski sizi <br> qətiyyən narahat <br> etməyəcək. Antalya dünyada <br>zəlzələ riski aşağı <br>olan regionlardan biridir.	2	[{"changed": {"fields": ["Text"]}}]	41	2
369	2024-01-18 09:33:36.967075+00	2	Antalya dünyada <br>zəlzələ riski ən aşağı <br>olan regionlardan biridir.	2	[{"changed": {"fields": ["Title", "Text"]}}]	41	2
370	2024-01-18 10:39:06.683178+00	5	State of Art	1	[{"added": {}}, {"added": {"name": "image", "object": "\\u015f\\u0259kil"}}, {"added": {"name": "image", "object": "\\u015f\\u0259kil"}}, {"added": {"name": "image", "object": "\\u015f\\u0259kil"}}, {"added": {"name": "image", "object": "\\u015f\\u0259kil"}}, {"added": {"name": "image", "object": "\\u015f\\u0259kil"}}]	16	3
371	2024-01-18 10:53:47.733787+00	6	Aquazure Residence	1	[{"added": {}}, {"added": {"name": "image", "object": "\\u015f\\u0259kil"}}, {"added": {"name": "image", "object": "\\u015f\\u0259kil"}}, {"added": {"name": "image", "object": "\\u015f\\u0259kil"}}, {"added": {"name": "image", "object": "\\u015f\\u0259kil"}}, {"added": {"name": "image", "object": "\\u015f\\u0259kil"}}]	16	3
372	2024-01-18 11:10:01.016699+00	7	Taya Resort	1	[{"added": {}}, {"added": {"name": "image", "object": "\\u015f\\u0259kil"}}, {"added": {"name": "image", "object": "\\u015f\\u0259kil"}}, {"added": {"name": "image", "object": "\\u015f\\u0259kil"}}, {"added": {"name": "image", "object": "\\u015f\\u0259kil"}}, {"added": {"name": "image", "object": "\\u015f\\u0259kil"}}]	16	3
373	2024-01-18 11:22:29.955739+00	8	Sun Palace Garden	1	[{"added": {}}, {"added": {"name": "image", "object": "\\u015f\\u0259kil"}}, {"added": {"name": "image", "object": "\\u015f\\u0259kil"}}, {"added": {"name": "image", "object": "\\u015f\\u0259kil"}}, {"added": {"name": "image", "object": "\\u015f\\u0259kil"}}, {"added": {"name": "image", "object": "\\u015f\\u0259kil"}}]	16	3
374	2024-01-18 11:33:34.298498+00	9	Luxury Villa	1	[{"added": {}}, {"added": {"name": "image", "object": "\\u015f\\u0259kil"}}, {"added": {"name": "image", "object": "\\u015f\\u0259kil"}}, {"added": {"name": "image", "object": "\\u015f\\u0259kil"}}, {"added": {"name": "image", "object": "\\u015f\\u0259kil"}}, {"added": {"name": "image", "object": "\\u015f\\u0259kil"}}]	16	3
375	2024-01-18 11:33:51.717881+00	8	Sun Palace Garden	2	[{"changed": {"fields": ["Square"]}}]	16	3
376	2024-01-18 14:06:01.154815+00	7	Ilin 300 günü <br> günəşli hava! <br> Yaşamaq üçün <br> ideal iqlim şəraiti.	1	[{"added": {}}]	41	2
377	2024-01-19 08:49:01.469662+00	1	Main Section	2	[{"changed": {"fields": ["Button link"]}}]	21	2
378	2024-01-19 09:19:43.975636+00	1	SUALLARINIZ VAR? 	2	[{"changed": {"name": "punktlar", "object": "Real g\\u0259lir nec\\u0259 hesablan\\u0131r?", "fields": ["Name"]}}, {"changed": {"name": "punktlar", "object": "\\u0130potekan\\u0131 nec\\u0259 g\\u00f6t\\u00fcrm\\u0259k olar?", "fields": ["Name"]}}, {"changed": {"name": "punktlar", "object": "\\u0130poteka limitiniz n\\u0259 q\\u0259d\\u0259r ola bil\\u0259r?", "fields": ["Name"]}}, {"changed": {"name": "punktlar", "object": "M\\u0259nziliniz ne\\u00e7\\u0259y\\u0259 icar\\u0259y\\u0259 veril\\u0259 bil\\u0259r?", "fields": ["Name"]}}, {"changed": {"name": "punktlar", "object": "Hans\\u0131 m\\u0259nzill\\u0259rl\\u0259 \\"Ya\\u015famaq icaz\\u0259si\\" almaq olar?", "fields": ["Name"]}}]	31	2
379	2024-01-19 09:21:31.878841+00	4	Fuad Məmmədov	2	[{"changed": {"fields": ["Text"]}}]	9	2
380	2024-01-19 09:21:48.859853+00	4	Fuad Məmmədov	2	[{"changed": {"fields": ["Position"]}}]	9	2
381	2024-01-19 09:22:04.195892+00	3	Oğuzhan Akdoğan	2	[{"changed": {"fields": ["Position"]}}]	9	2
382	2024-01-19 09:22:08.918498+00	2	Ləman Namazova	2	[{"changed": {"fields": ["Position"]}}]	9	2
383	2024-01-19 09:22:13.118574+00	1	Orxan Namazov	2	[{"changed": {"fields": ["Position"]}}]	9	2
384	2024-01-19 09:23:48.66292+00	4	Fuad Məmmədov	2	[{"changed": {"fields": ["Text"]}}]	9	2
385	2024-01-19 09:25:31.439028+00	3	Oğuzhan Akdoğan	2	[{"changed": {"fields": ["Text"]}}]	9	2
386	2024-01-19 09:25:55.56545+00	2	Ləman Namazova	2	[{"changed": {"fields": ["Text"]}}]	9	2
387	2024-01-19 09:26:06.971015+00	1	Orxan Namazov	2	[]	9	2
388	2024-01-19 16:37:27.707848+00	1	Form bölməsi	2	[{"changed": {"fields": ["Text"]}}]	30	1
389	2024-01-19 16:46:31.275828+00	1	Form bölməsi	2	[{"changed": {"fields": ["Text"]}}]	30	1
390	2024-01-20 06:58:59.331363+00	1	Antalya ildə <br> 15 milyondan çox <br>turist qarşılayır, <br> dörd fəslin dördündədə!	2	[{"changed": {"fields": ["Title"]}}]	41	2
391	2024-01-20 08:35:38.382402+00	8	Son iki ildə <br> Antalyada əmlak qiymətləri <br> üç dəfədən çox artıb. <br>2024-cü ildə artım <br>ikiqat artacağı gözlənilir.	1	[{"added": {}}]	41	2
392	2024-01-20 08:37:14.360755+00	8	Son iki ildə <br> Antalyada əmlak qiymətləri <br> üç dəfədən çox artıb. <br>2024-cü ildə artım <br>ikiqat artacağı gözlənilir.	2	[{"changed": {"fields": ["Text"]}}]	41	2
393	2024-01-20 08:37:54.434896+00	8	Son iki ildə Antalyada <br> əmlak qiymətləri <br> üç dəfədən çox artıb. <br>2024-cü ildə artım <br>ikiqat artacağı <br> gözlənilir.	2	[{"changed": {"fields": ["Title", "Text"]}}]	41	2
394	2024-01-20 08:39:35.195524+00	8	Son iki ildə Antalyada <br> əmlak qiymətləri <br> üç dəfədən çox artıb. <br>2024-cü ildə artım <br>ikiqat artacağı <br> gözlənilir.	2	[{"changed": {"fields": ["Background image"]}}]	41	2
395	2024-01-20 08:41:08.486709+00	8	Son iki ildə Antalyada <br> əmlak qiymətləri <br> üç dəfədən çox artıb. <br>2024-cü ildə artım <br>ikiqat artacağı <br> gözlənilir.	2	[{"changed": {"fields": ["Background image"]}}]	41	2
396	2024-01-20 12:19:39.340101+00	8	Son iki ildə Antalyada <br> əmlak qiymətləri <br> üç dəfədən çox artıb. <br>2024-cü ildə artım <br>ikiqat artacağı <br> gözlənilir.	2	[{"changed": {"fields": ["Background image"]}}]	41	2
397	2024-01-20 12:20:56.946581+00	8	Son iki ildə Antalyada <br> əmlak qiymətləri <br> üç dəfədən çox artıb. <br>2024-cü ildə artım <br>ikiqat artacağı <br> gözlənilir.	2	[{"changed": {"fields": ["Background image"]}}]	41	2
398	2024-01-20 12:28:00.969836+00	8	Son iki ildə Antalyada <br> əmlak qiymətləri <br> üç dəfədən çox artıb. <br>2024-cü ildə artım <br>ikiqat artacağı <br> gözlənilir.	2	[{"changed": {"fields": ["Background image"]}}]	41	2
399	2024-01-21 23:08:32.730134+00	1	SUALLARINIZ VAR? 	2	[{"changed": {"fields": ["Title"]}}]	31	2
400	2024-01-21 23:09:23.979955+00	1	SUALLARINIZ VAR? 	2	[{"changed": {"fields": ["Title"]}}]	31	2
401	2024-01-21 23:09:46.051622+00	1	SUALLARINIZ VAR? 	2	[{"changed": {"fields": ["Title"]}}]	31	2
402	2024-01-21 23:10:22.779656+00	1	SUALLARINIZ VAR? 	2	[{"changed": {"fields": ["Title"]}}]	31	2
403	2024-01-21 23:11:07.982555+00	1	SUALLARINIZ VAR? 	2	[{"changed": {"fields": ["Title"]}}]	31	2
404	2024-01-21 23:11:50.753251+00	1	SUALLARINIZ VAR? 	2	[{"changed": {"fields": ["Title"]}}]	31	2
405	2024-01-21 23:12:47.865015+00	1	SUALLARINIZ VAR? 	2	[{"changed": {"fields": ["Title"]}}]	31	2
406	2024-01-21 23:13:58.249556+00	1	Slider Section	2	[{"changed": {"fields": ["Title"]}}]	42	2
407	2024-01-21 23:15:18.033288+00	1	Antalya ildə <br> 15 milyondan çox <br>turist qarşılayır, <br> dörd fəslin dördündə də!	2	[{"changed": {"fields": ["Title"]}}]	41	2
408	2024-01-21 23:16:26.644991+00	8	Son iki ildə Antalyada <br> əmlak qiymətləri <br> üç dəfədən çox artıb. <br>2024-cü ildə də stabil artım gözlənilir.	2	[{"changed": {"fields": ["Title"]}}]	41	2
409	2024-01-21 23:17:10.224725+00	8	Son iki ildə Antalyada <br> əmlak qiymətləri <br> üç dəfədən çox artıb. <br>2024-cü ildə də stabil <br>artım gözlənilir.	2	[{"changed": {"fields": ["Title"]}}]	41	2
410	2024-01-21 23:17:41.23045+00	1	Antalya ildə <br> 15 milyondan çox <br>turist qarşılayır. <br> Dörd fəslin dördündə də!	2	[{"changed": {"fields": ["Title"]}}]	41	2
411	2024-01-21 23:18:47.36944+00	7	İlin 300 günü <br> günəşli hava! <br> Yaşamaq üçün <br> ideal iqlim şəraiti.	2	[{"changed": {"fields": ["Title"]}}]	41	2
412	2024-01-21 23:20:01.411305+00	1	Niyə Smart Invest	2	[{"changed": {"fields": ["Text"]}}]	28	2
413	2024-01-21 23:20:20.757588+00	1	Niyə Smart Invest	2	[{"changed": {"fields": ["Text"]}}]	28	2
414	2024-01-21 23:26:16.506107+00	7	Taya Resort	2	[{"changed": {"fields": ["Year built"]}}]	16	2
415	2024-01-21 23:29:00.843922+00	7	Taya Resort	2	[{"changed": {"fields": ["Heating system"]}}]	16	2
416	2024-01-21 23:41:33.866072+00	7	Taya Resort	2	[]	16	2
417	2024-01-22 08:25:08.964073+00	2	Altair Residences	3		16	3
418	2024-01-22 08:25:21.160526+00	1	Altair Residences	3		16	3
419	2024-01-23 06:36:13.242716+00	7	Taya Resort	2	[{"added": {"name": "image", "object": "\\u015f\\u0259kil"}}, {"added": {"name": "image", "object": "\\u015f\\u0259kil"}}, {"added": {"name": "image", "object": "\\u015f\\u0259kil"}}]	16	2
420	2024-01-23 07:13:38.791091+00	7	Taya Resort	2	[{"deleted": {"name": "image", "object": "\\u015f\\u0259kil"}}, {"deleted": {"name": "image", "object": "\\u015f\\u0259kil"}}, {"deleted": {"name": "image", "object": "\\u015f\\u0259kil"}}]	16	2
421	2024-01-24 09:21:50.153346+00	9	Luxury Villa	2	[{"added": {"name": "image", "object": "\\u015f\\u0259kil"}}, {"added": {"name": "image", "object": "\\u015f\\u0259kil"}}, {"added": {"name": "image", "object": "\\u015f\\u0259kil"}}, {"added": {"name": "image", "object": "\\u015f\\u0259kil"}}, {"added": {"name": "image", "object": "\\u015f\\u0259kil"}}, {"added": {"name": "image", "object": "\\u015f\\u0259kil"}}, {"added": {"name": "image", "object": "\\u015f\\u0259kil"}}, {"added": {"name": "image", "object": "\\u015f\\u0259kil"}}, {"added": {"name": "image", "object": "\\u015f\\u0259kil"}}, {"added": {"name": "image", "object": "\\u015f\\u0259kil"}}, {"added": {"name": "image", "object": "\\u015f\\u0259kil"}}]	16	3
422	2024-01-24 09:32:45.829841+00	8	Sun Palace Garden	2	[{"added": {"name": "image", "object": "\\u015f\\u0259kil"}}, {"added": {"name": "image", "object": "\\u015f\\u0259kil"}}, {"added": {"name": "image", "object": "\\u015f\\u0259kil"}}, {"added": {"name": "image", "object": "\\u015f\\u0259kil"}}, {"added": {"name": "image", "object": "\\u015f\\u0259kil"}}, {"added": {"name": "image", "object": "\\u015f\\u0259kil"}}, {"added": {"name": "image", "object": "\\u015f\\u0259kil"}}, {"added": {"name": "image", "object": "\\u015f\\u0259kil"}}, {"added": {"name": "image", "object": "\\u015f\\u0259kil"}}, {"added": {"name": "image", "object": "\\u015f\\u0259kil"}}, {"added": {"name": "image", "object": "\\u015f\\u0259kil"}}, {"added": {"name": "image", "object": "\\u015f\\u0259kil"}}, {"added": {"name": "image", "object": "\\u015f\\u0259kil"}}, {"added": {"name": "image", "object": "\\u015f\\u0259kil"}}, {"added": {"name": "image", "object": "\\u015f\\u0259kil"}}, {"added": {"name": "image", "object": "\\u015f\\u0259kil"}}, {"added": {"name": "image", "object": "\\u015f\\u0259kil"}}]	16	3
423	2024-01-24 09:40:46.748866+00	7	Taya Resort	2	[{"added": {"name": "image", "object": "\\u015f\\u0259kil"}}, {"added": {"name": "image", "object": "\\u015f\\u0259kil"}}, {"added": {"name": "image", "object": "\\u015f\\u0259kil"}}, {"added": {"name": "image", "object": "\\u015f\\u0259kil"}}, {"added": {"name": "image", "object": "\\u015f\\u0259kil"}}, {"added": {"name": "image", "object": "\\u015f\\u0259kil"}}, {"added": {"name": "image", "object": "\\u015f\\u0259kil"}}, {"added": {"name": "image", "object": "\\u015f\\u0259kil"}}, {"added": {"name": "image", "object": "\\u015f\\u0259kil"}}, {"added": {"name": "image", "object": "\\u015f\\u0259kil"}}, {"added": {"name": "image", "object": "\\u015f\\u0259kil"}}, {"added": {"name": "image", "object": "\\u015f\\u0259kil"}}, {"added": {"name": "image", "object": "\\u015f\\u0259kil"}}, {"added": {"name": "image", "object": "\\u015f\\u0259kil"}}, {"added": {"name": "image", "object": "\\u015f\\u0259kil"}}, {"changed": {"name": "image", "object": "\\u015f\\u0259kil", "fields": ["Image"]}}]	16	3
424	2024-01-24 09:54:43.223937+00	6	Aquazure Residence	2	[{"added": {"name": "image", "object": "\\u015f\\u0259kil"}}, {"added": {"name": "image", "object": "\\u015f\\u0259kil"}}, {"added": {"name": "image", "object": "\\u015f\\u0259kil"}}, {"added": {"name": "image", "object": "\\u015f\\u0259kil"}}, {"added": {"name": "image", "object": "\\u015f\\u0259kil"}}, {"added": {"name": "image", "object": "\\u015f\\u0259kil"}}, {"added": {"name": "image", "object": "\\u015f\\u0259kil"}}, {"added": {"name": "image", "object": "\\u015f\\u0259kil"}}, {"added": {"name": "image", "object": "\\u015f\\u0259kil"}}, {"added": {"name": "image", "object": "\\u015f\\u0259kil"}}, {"added": {"name": "image", "object": "\\u015f\\u0259kil"}}, {"added": {"name": "image", "object": "\\u015f\\u0259kil"}}, {"added": {"name": "image", "object": "\\u015f\\u0259kil"}}, {"added": {"name": "image", "object": "\\u015f\\u0259kil"}}, {"added": {"name": "image", "object": "\\u015f\\u0259kil"}}]	16	3
425	2024-01-24 10:22:16.176359+00	5	State of Art	2	[{"added": {"name": "image", "object": "\\u015f\\u0259kil"}}, {"added": {"name": "image", "object": "\\u015f\\u0259kil"}}, {"added": {"name": "image", "object": "\\u015f\\u0259kil"}}, {"added": {"name": "image", "object": "\\u015f\\u0259kil"}}]	16	3
426	2024-01-24 10:40:53.322547+00	5	State of Art	2	[{"added": {"name": "image", "object": "\\u015f\\u0259kil"}}, {"added": {"name": "image", "object": "\\u015f\\u0259kil"}}, {"added": {"name": "image", "object": "\\u015f\\u0259kil"}}]	16	2
427	2024-01-24 10:41:36.799408+00	5	State of Art	2	[{"added": {"name": "image", "object": "\\u015f\\u0259kil"}}, {"added": {"name": "image", "object": "\\u015f\\u0259kil"}}, {"added": {"name": "image", "object": "\\u015f\\u0259kil"}}]	16	2
428	2024-01-24 10:42:03.786705+00	5	State of Art	2	[{"added": {"name": "image", "object": "\\u015f\\u0259kil"}}, {"added": {"name": "image", "object": "\\u015f\\u0259kil"}}]	16	2
429	2024-01-24 10:47:14.76914+00	5	State of Art	2	[{"deleted": {"name": "image", "object": "\\u015f\\u0259kil"}}, {"deleted": {"name": "image", "object": "\\u015f\\u0259kil"}}, {"deleted": {"name": "image", "object": "\\u015f\\u0259kil"}}, {"deleted": {"name": "image", "object": "\\u015f\\u0259kil"}}, {"deleted": {"name": "image", "object": "\\u015f\\u0259kil"}}, {"deleted": {"name": "image", "object": "\\u015f\\u0259kil"}}, {"deleted": {"name": "image", "object": "\\u015f\\u0259kil"}}, {"deleted": {"name": "image", "object": "\\u015f\\u0259kil"}}]	16	2
430	2024-01-24 10:49:35.947646+00	5	State of Art	2	[{"added": {"name": "image", "object": "\\u015f\\u0259kil"}}, {"added": {"name": "image", "object": "\\u015f\\u0259kil"}}, {"added": {"name": "image", "object": "\\u015f\\u0259kil"}}, {"added": {"name": "image", "object": "\\u015f\\u0259kil"}}, {"added": {"name": "image", "object": "\\u015f\\u0259kil"}}, {"added": {"name": "image", "object": "\\u015f\\u0259kil"}}, {"added": {"name": "image", "object": "\\u015f\\u0259kil"}}, {"added": {"name": "image", "object": "\\u015f\\u0259kil"}}, {"added": {"name": "image", "object": "\\u015f\\u0259kil"}}, {"added": {"name": "image", "object": "\\u015f\\u0259kil"}}, {"added": {"name": "image", "object": "\\u015f\\u0259kil"}}, {"added": {"name": "image", "object": "\\u015f\\u0259kil"}}, {"added": {"name": "image", "object": "\\u015f\\u0259kil"}}, {"added": {"name": "image", "object": "\\u015f\\u0259kil"}}, {"added": {"name": "image", "object": "\\u015f\\u0259kil"}}, {"added": {"name": "image", "object": "\\u015f\\u0259kil"}}]	16	2
431	2024-01-24 10:51:07.563264+00	4	State of art	2	[{"added": {"name": "image", "object": "\\u015f\\u0259kil"}}, {"added": {"name": "image", "object": "\\u015f\\u0259kil"}}, {"added": {"name": "image", "object": "\\u015f\\u0259kil"}}, {"added": {"name": "image", "object": "\\u015f\\u0259kil"}}, {"added": {"name": "image", "object": "\\u015f\\u0259kil"}}, {"added": {"name": "image", "object": "\\u015f\\u0259kil"}}, {"added": {"name": "image", "object": "\\u015f\\u0259kil"}}, {"added": {"name": "image", "object": "\\u015f\\u0259kil"}}]	16	2
432	2024-01-24 10:54:20.249881+00	3	State of Art	2	[{"added": {"name": "image", "object": "\\u015f\\u0259kil"}}, {"added": {"name": "image", "object": "\\u015f\\u0259kil"}}, {"added": {"name": "image", "object": "\\u015f\\u0259kil"}}, {"added": {"name": "image", "object": "\\u015f\\u0259kil"}}, {"added": {"name": "image", "object": "\\u015f\\u0259kil"}}, {"added": {"name": "image", "object": "\\u015f\\u0259kil"}}, {"added": {"name": "image", "object": "\\u015f\\u0259kil"}}, {"added": {"name": "image", "object": "\\u015f\\u0259kil"}}, {"added": {"name": "image", "object": "\\u015f\\u0259kil"}}, {"added": {"name": "image", "object": "\\u015f\\u0259kil"}}, {"added": {"name": "image", "object": "\\u015f\\u0259kil"}}, {"added": {"name": "image", "object": "\\u015f\\u0259kil"}}, {"added": {"name": "image", "object": "\\u015f\\u0259kil"}}, {"added": {"name": "image", "object": "\\u015f\\u0259kil"}}, {"added": {"name": "image", "object": "\\u015f\\u0259kil"}}]	16	2
433	2024-01-24 20:19:00.857164+00	1	Privacy Policy	1	[{"added": {}}]	44	1
434	2024-01-25 07:29:07.841746+00	10	Panorama Garden Sitesi	1	[{"added": {}}, {"added": {"name": "image", "object": "\\u015f\\u0259kil"}}, {"added": {"name": "image", "object": "\\u015f\\u0259kil"}}, {"added": {"name": "image", "object": "\\u015f\\u0259kil"}}, {"added": {"name": "image", "object": "\\u015f\\u0259kil"}}, {"added": {"name": "image", "object": "\\u015f\\u0259kil"}}, {"added": {"name": "image", "object": "\\u015f\\u0259kil"}}, {"added": {"name": "image", "object": "\\u015f\\u0259kil"}}, {"added": {"name": "image", "object": "\\u015f\\u0259kil"}}, {"added": {"name": "image", "object": "\\u015f\\u0259kil"}}, {"added": {"name": "image", "object": "\\u015f\\u0259kil"}}, {"added": {"name": "image", "object": "\\u015f\\u0259kil"}}, {"added": {"name": "image", "object": "\\u015f\\u0259kil"}}, {"added": {"name": "image", "object": "\\u015f\\u0259kil"}}, {"added": {"name": "image", "object": "\\u015f\\u0259kil"}}, {"added": {"name": "image", "object": "\\u015f\\u0259kil"}}, {"added": {"name": "image", "object": "\\u015f\\u0259kil"}}, {"added": {"name": "image", "object": "\\u015f\\u0259kil"}}]	16	3
435	2024-01-26 03:11:42.706806+00	3	State of Art	2	[{"changed": {"fields": ["Type"]}}]	16	1
436	2024-01-26 03:11:48.129599+00	10	Panorama Garden Sitesi	2	[{"changed": {"fields": ["Type"]}}]	16	1
437	2024-01-26 03:11:51.434839+00	9	Luxury Villa	2	[]	16	1
438	2024-01-26 03:11:55.182149+00	8	Sun Palace Garden	2	[{"changed": {"fields": ["Type"]}}]	16	1
439	2024-01-26 03:11:58.924023+00	7	Taya Resort	2	[{"changed": {"fields": ["Type"]}}]	16	1
440	2024-01-26 03:12:02.764363+00	6	Aquazure Residence	2	[{"changed": {"fields": ["Type"]}}]	16	1
441	2024-01-26 03:12:08.205122+00	5	State of Art	2	[{"changed": {"fields": ["Type"]}}]	16	1
442	2024-01-26 03:12:11.768692+00	4	State of art	2	[{"changed": {"fields": ["Type"]}}]	16	1
443	2024-01-26 03:14:17.847916+00	3	State of Art	2	[]	16	1
444	2024-01-26 03:14:20.90478+00	10	Panorama Garden Sitesi	2	[]	16	1
445	2024-01-26 03:14:24.899287+00	9	Luxury Villa	2	[]	16	1
446	2024-01-26 03:14:28.085774+00	8	Sun Palace Garden	2	[]	16	1
447	2024-01-26 03:14:31.663901+00	7	Taya Resort	2	[]	16	1
448	2024-01-26 03:14:35.139493+00	6	Aquazure Residence	2	[]	16	1
449	2024-01-26 03:14:39.355573+00	5	State of Art	2	[]	16	1
450	2024-01-26 03:14:42.985293+00	4	State of art	2	[]	16	1
451	2024-01-26 03:19:47.975038+00	3	State of Art	2	[{"changed": {"fields": ["Type"]}}]	16	1
452	2024-01-26 03:19:56.900955+00	10	Panorama Garden Sitesi	2	[{"changed": {"fields": ["Type"]}}]	16	1
453	2024-01-26 03:20:03.026902+00	8	Sun Palace Garden	2	[{"changed": {"fields": ["Type"]}}]	16	1
454	2024-01-26 03:20:09.365935+00	7	Taya Resort	2	[{"changed": {"fields": ["Type"]}}]	16	1
455	2024-01-26 03:20:16.925214+00	6	Aquazure Residence	2	[{"changed": {"fields": ["Type"]}}]	16	1
456	2024-01-26 03:20:23.53621+00	5	State of Art	2	[{"changed": {"fields": ["Type"]}}]	16	1
457	2024-01-26 03:20:29.740295+00	4	State of art	2	[{"changed": {"fields": ["Type"]}}]	16	1
458	2024-01-26 23:19:24.700467+00	1	Ümumi Sayt Məlumatlar	2	[{"changed": {"fields": ["Countdown enddate"]}}]	7	2
459	2024-01-26 23:24:18.081128+00	1	Offers Section	2	[{"changed": {"fields": ["Offer s\\u0259hif\\u0259sind\\u0259 alt ba\\u015fl\\u0131q"]}}]	22	2
460	2024-01-26 23:50:52.774841+00	4	AVRO kimi güclü <br>və stabil valyutada <br> gəlir əldə edirsiniz!	2	[{"changed": {"fields": ["Black layer css"]}}]	41	2
461	2024-01-26 23:51:21.313577+00	4	AVRO kimi güclü <br>və stabil valyutada <br> gəlir əldə edirsiniz!	2	[{"changed": {"fields": ["Black layer css"]}}]	41	2
462	2024-01-26 23:51:51.768115+00	4	AVRO kimi güclü <br>və stabil valyutada <br> gəlir əldə edirsiniz!	2	[{"changed": {"fields": ["Black layer css"]}}]	41	2
463	2024-01-26 23:52:50.639384+00	2	Antalya dünyada <br>zəlzələ riski ən aşağı <br>olan regionlardan biridir.	2	[{"changed": {"fields": ["Black layer css"]}}]	41	2
464	2024-01-27 08:45:05.227693+00	2	Facebook	2	[{"changed": {"fields": ["Link"]}}]	8	2
465	2024-01-27 08:45:19.549439+00	1	Instagram	2	[{"changed": {"fields": ["Link"]}}]	8	2
466	2024-01-27 08:46:22.237904+00	2	Facebook	2	[]	8	2
467	2024-01-27 08:47:06.552363+00	2	Facebook	2	[{"changed": {"fields": ["Link"]}}]	8	2
468	2024-01-27 08:48:44.609499+00	2	Facebook	2	[{"changed": {"fields": ["Link"]}}]	8	2
469	2024-01-27 11:27:03.58062+00	2	Facebook	2	[]	8	2
470	2024-01-27 19:32:25.398757+00	4	youtube	2	[{"changed": {"fields": ["Link"]}}]	8	2
471	2024-01-27 19:33:05.658414+00	1	Instagram	2	[]	8	2
472	2024-01-27 19:33:25.386265+00	2	Facebook	2	[]	8	2
473	2024-01-27 19:35:33.8801+00	5	TikTok	1	[{"added": {}}]	8	2
474	2024-01-27 19:36:40.902752+00	6	Linkedin	1	[{"added": {}}]	8	2
475	2024-01-27 19:37:37.842248+00	6	Linkedin	2	[]	8	2
476	2024-01-27 19:40:38.079742+00	6	Linkedin	2	[{"changed": {"fields": ["Icon"]}}]	8	2
477	2024-01-27 19:40:46.59085+00	5	TikTok	2	[{"changed": {"fields": ["Icon"]}}]	8	2
478	2024-01-27 19:41:42.608478+00	6	Linkedin	2	[{"changed": {"fields": ["Icon"]}}]	8	2
479	2024-01-27 19:42:42.828179+00	6	Linkedin	2	[{"changed": {"fields": ["Icon"]}}]	8	2
480	2024-01-27 19:43:39.676702+00	6	Linkedin	2	[{"changed": {"fields": ["Icon"]}}]	8	2
481	2024-01-27 19:44:21.640406+00	6	Linkedin	2	[{"changed": {"fields": ["Icon"]}}]	8	2
482	2024-01-28 01:34:51.070113+00	1	Main Section	2	[{"changed": {"fields": ["Button link"]}}]	21	2
483	2024-01-28 01:46:54.207838+00	1	Main Section	2	[{"changed": {"fields": ["Button link"]}}]	21	2
484	2024-01-28 01:49:28.147486+00	1	Main Section	2	[{"changed": {"fields": ["Button link"]}}]	21	2
485	2024-01-28 02:06:14.233845+00	1	Main Section	2	[{"changed": {"fields": ["Button link"]}}]	21	2
486	2024-01-29 10:49:36.538083+00	9	Luxury Villa	3		16	3
487	2024-01-29 23:21:49.266525+00	1	Main Section	2	[{"changed": {"fields": ["Button link"]}}]	21	2
488	2024-01-29 23:22:39.888004+00	1	Main Section	2	[{"changed": {"fields": ["Button link"]}}]	21	2
489	2024-01-29 23:44:46.13388+00	1	Main Section	2	[]	21	2
490	2024-01-30 00:38:25.075326+00	1	Vüqar Quliyev	2	[{"changed": {"fields": ["Text"]}}]	12	2
491	2024-01-30 00:45:21.709737+00	1	Form bölməsi	2	[{"changed": {"fields": ["Form button text"]}}]	30	2
492	2024-01-30 09:27:53.775799+00	5	TikTok	2	[{"changed": {"fields": ["Icon"]}}]	8	1
493	2024-01-30 09:28:01.795428+00	6	Linkedin	2	[{"changed": {"fields": ["Icon"]}}]	8	1
494	2024-01-30 10:17:08.257986+00	11	Kavi Dreams	1	[{"added": {}}, {"added": {"name": "image", "object": "\\u015f\\u0259kil"}}, {"added": {"name": "image", "object": "\\u015f\\u0259kil"}}, {"added": {"name": "image", "object": "\\u015f\\u0259kil"}}, {"added": {"name": "image", "object": "\\u015f\\u0259kil"}}, {"added": {"name": "image", "object": "\\u015f\\u0259kil"}}, {"added": {"name": "image", "object": "\\u015f\\u0259kil"}}, {"added": {"name": "image", "object": "\\u015f\\u0259kil"}}, {"added": {"name": "image", "object": "\\u015f\\u0259kil"}}, {"added": {"name": "image", "object": "\\u015f\\u0259kil"}}, {"added": {"name": "image", "object": "\\u015f\\u0259kil"}}, {"added": {"name": "image", "object": "\\u015f\\u0259kil"}}, {"added": {"name": "image", "object": "\\u015f\\u0259kil"}}, {"added": {"name": "image", "object": "\\u015f\\u0259kil"}}, {"added": {"name": "image", "object": "\\u015f\\u0259kil"}}, {"added": {"name": "image", "object": "\\u015f\\u0259kil"}}, {"added": {"name": "image", "object": "\\u015f\\u0259kil"}}, {"added": {"name": "image", "object": "\\u015f\\u0259kil"}}, {"added": {"name": "image", "object": "\\u015f\\u0259kil"}}]	16	3
495	2024-01-30 10:23:06.398129+00	11	Kavi Dreams	2	[{"changed": {"fields": ["Type"]}}]	16	3
496	2024-01-30 10:34:24.355448+00	3	Evin dəyərinin<br>yarısını siz,<br> yarısını kirayəçiniz <br>ödəyir.	2	[{"changed": {"fields": ["Image link"]}}]	41	2
497	2024-01-30 20:01:54.362882+00	10	fdsf dsf@gmail.com - 45454645645	3		35	1
498	2024-01-30 20:01:54.366457+00	9	gfgdf jhhjh@gmail.com - 0505541654	3		35	1
499	2024-01-30 20:01:54.36783+00	5	Vugar vku@gmail.com - 502104498	3		35	1
500	2024-01-30 20:01:54.368946+00	4	Bele Bele isler vkuliev@gmail.com - 502104498	3		35	1
501	2024-01-30 20:01:54.370021+00	3	testformagorusal testgorusal@gmail.com - 55523232412414	3		35	1
502	2024-01-30 20:02:52.556489+00	6	test test@gmail.com - 5555	3		45	1
503	2024-01-30 20:02:52.559188+00	3	dfsdfds jhhjh@gmail.com - (45) 635-67-6	3		45	1
504	2024-02-05 19:15:34.932325+00	1	Ümumi Sayt Məlumatlar	2	[{"changed": {"fields": ["Countdown enddate"]}}]	7	2
505	2024-02-05 20:09:22.577736+00	1	Form Özün tapmısan	1	[{"added": {}}]	48	1
506	2024-02-05 20:09:53.592191+00	1	Form listing	1	[{"added": {}}]	47	1
507	2024-02-05 20:10:26.253993+00	1	Form Property Viewing	1	[{"added": {}}]	49	1
508	2024-02-05 20:11:18.6559+00	1	Vebinara yazıl formu	1	[{"added": {}}]	46	1
509	2024-02-05 20:15:47.117785+00	1	Vebinara yazıl formu	2	[{"changed": {"fields": ["Text1", "Text2"]}}]	46	1
510	2024-02-05 20:30:22.128269+00	1	Coffee Section	1	[{"added": {}}]	50	1
511	2024-02-06 21:17:11.723113+00	1	Ümumi Sayt Məlumatlar	2	[{"changed": {"fields": ["Countdown enddate"]}}]	7	2
512	2024-02-07 09:16:54.715031+00	1	Ümumi Sayt Məlumatlar	2	[{"changed": {"fields": ["Countdown enddate"]}}]	7	2
513	2024-02-07 15:26:56.539467+00	4	State of art	2	[{"changed": {"fields": ["Address"]}}]	16	2
514	2024-02-07 15:29:57.395387+00	4	State of art	2	[{"changed": {"fields": ["Address"]}}]	16	2
515	2024-02-13 07:39:34.04756+00	1	Euro	1	[{"added": {}}]	52	1
516	2024-02-13 07:39:56.499005+00	1	Euro	3		52	1
\.


--
-- Data for Name: django_content_type; Type: TABLE DATA; Schema: public; Owner: maxcreative
--

COPY public.django_content_type (id, app_label, model) FROM stdin;
1	admin	logentry
2	auth	permission
3	auth	group
4	auth	user
5	contenttypes	contenttype
6	sessions	session
7	core	general
8	core	social
9	core	why
10	core	tablar
11	core	faq
12	core	feedback
13	core	contact
14	core	feature
15	core	waitlist
16	offer	offer
17	offer	image
18	statik	advantagesection
19	statik	feedbacksection
20	statik	getconsultationsection
21	statik	mainsection
22	statik	offerssection
23	statik	processessection
24	statik	whysection
25	statik	sortingsections
26	statik	gelirihesablabanner
27	statik	suallar
28	statik	smartinvest
29	statik	niyesecirler
30	statik	formsection
31	statik	muzakireedek
32	django_summernote	attachment
33	statik	punktlar
34	core	calculator
35	contact	contact
36	contact	waitlist
37	core	body
38	core	head
39	core	parametr
40	offer	message
41	core	slider
42	statik	slidersection
43	core	calendlyscript
44	statik	pages
45	contact	vebinar
46	statik	form1
47	statik	form2
48	statik	form3
49	statik	form4
50	statik	coffeesection
51	core	feedbacktr
52	core	slidertr
\.


--
-- Data for Name: django_migrations; Type: TABLE DATA; Schema: public; Owner: maxcreative
--

COPY public.django_migrations (id, app, name, applied) FROM stdin;
1	contenttypes	0001_initial	2023-12-14 04:46:13.92619+00
2	auth	0001_initial	2023-12-14 04:46:14.262604+00
3	admin	0001_initial	2023-12-14 04:46:14.349037+00
4	admin	0002_logentry_remove_auto_add	2023-12-14 04:46:14.380447+00
5	admin	0003_logentry_add_action_flag_choices	2023-12-14 04:46:14.402572+00
6	contenttypes	0002_remove_content_type_name	2023-12-14 04:46:14.44008+00
7	auth	0002_alter_permission_name_max_length	2023-12-14 04:46:14.462054+00
8	auth	0003_alter_user_email_max_length	2023-12-14 04:46:14.489675+00
9	auth	0004_alter_user_username_opts	2023-12-14 04:46:14.516249+00
10	auth	0005_alter_user_last_login_null	2023-12-14 04:46:14.540871+00
11	auth	0006_require_contenttypes_0002	2023-12-14 04:46:14.546182+00
12	auth	0007_alter_validators_add_error_messages	2023-12-14 04:46:14.569063+00
13	auth	0008_alter_user_username_max_length	2023-12-14 04:46:14.630671+00
14	auth	0009_alter_user_last_name_max_length	2023-12-14 04:46:14.659993+00
15	auth	0010_alter_group_name_max_length	2023-12-14 04:46:14.685935+00
16	auth	0011_update_proxy_permissions	2023-12-14 04:46:14.720673+00
17	auth	0012_alter_user_first_name_max_length	2023-12-14 04:46:14.747526+00
18	core	0001_initial	2023-12-14 04:46:14.79908+00
19	core	0002_social	2023-12-14 04:46:14.868563+00
20	core	0003_advisorcontact	2023-12-14 04:46:14.913092+00
21	core	0004_alter_general_logo	2023-12-14 04:46:14.925834+00
22	core	0005_why	2023-12-14 04:46:14.974035+00
23	core	0006_tablar	2023-12-14 04:46:15.021147+00
24	core	0007_general_telegram_link_general_whatsapp_link	2023-12-14 04:46:15.082483+00
25	core	0008_faq	2023-12-14 04:46:15.128213+00
26	core	0009_general_home_popup_video	2023-12-14 04:46:15.142546+00
27	core	0010_feedback	2023-12-14 04:46:15.181618+00
28	core	0011_contact	2023-12-14 04:46:15.237042+00
29	core	0012_delete_advisorcontact_alter_tablar_text_and_more	2023-12-14 04:46:15.257587+00
30	core	0013_rename_surname_contact_email	2023-12-14 04:46:15.269353+00
31	core	0014_feature	2023-12-14 04:46:15.304036+00
32	core	0015_feature_color	2023-12-14 04:46:15.319384+00
33	core	0016_waitlist	2023-12-14 04:46:15.447752+00
34	django_summernote	0001_initial	2023-12-14 04:46:15.498039+00
35	django_summernote	0002_update-help_text	2023-12-14 04:46:15.519132+00
36	offer	0001_initial	2023-12-14 04:46:15.56909+00
37	offer	0002_offer_address_offer_bath_offer_bed_offer_image_and_more	2023-12-14 04:46:15.643528+00
38	offer	0003_offer_type	2023-12-14 04:46:15.661314+00
39	offer	0004_image	2023-12-14 04:46:15.734329+00
40	offer	0005_offer_distance_to_airport_offer_distance_to_beach_and_more	2023-12-14 04:46:15.805905+00
41	offer	0006_offer_balcon_offer_chambres_offer_heating_system_and_more	2023-12-14 04:46:15.870991+00
42	offer	0007_offer_description	2023-12-14 04:46:15.891243+00
43	offer	0008_offer_ilkin_mebleg_offer_maks_ayliq_kiraye_and_more	2023-12-14 04:46:15.944391+00
44	sessions	0001_initial	2023-12-14 04:46:16.024552+00
45	statik	0001_initial	2023-12-14 04:46:16.060166+00
46	statik	0002_advantagesection_feedbacksection_and_more	2023-12-14 04:46:16.274936+00
47	statik	0003_rename_videsection_videosection_and_more	2023-12-14 04:46:16.341598+00
48	statik	0004_alter_mainsection_title1	2023-12-14 04:46:16.356253+00
49	statik	0005_rename_title1_mainsection_title	2023-12-14 04:46:16.384295+00
50	statik	0006_alter_getconsultationsection_title	2023-12-14 04:46:16.41306+00
51	statik	0007_sortingsections	2023-12-14 04:46:16.43671+00
52	statik	0008_processessection_process1_icon_and_more	2023-12-14 04:46:16.495305+00
53	statik	0009_alter_mainsection_number1_and_more	2023-12-14 04:46:16.51884+00
54	statik	0010_remove_mainsection_number1_and_more	2023-12-14 04:46:16.558246+00
55	statik	0011_rename_button_link_processessection_process1_text_and_more	2023-12-14 04:46:16.630487+00
56	statik	0012_gelirihesablabanner_delete_videosection	2023-12-14 04:46:16.703107+00
57	statik	0013_suallar	2023-12-14 04:46:16.738807+00
58	statik	0014_smartinvest	2023-12-14 04:46:16.770864+00
59	statik	0015_niyesecirler	2023-12-14 04:46:16.812144+00
60	statik	0016_formsection	2023-12-14 04:46:16.866618+00
61	statik	0017_muzakireedek	2023-12-14 04:46:16.897359+00
62	core	0017_general_countdown_enddate	2023-12-18 18:24:23.221834+00
63	statik	0018_punktlar	2023-12-18 18:24:25.866983+00
64	contact	0001_initial	2023-12-21 20:43:05.274538+00
65	core	0018_delete_contact_delete_waitlist_alter_faq_options_and_more	2023-12-21 20:43:05.284619+00
66	core	0019_calculator	2023-12-21 20:43:05.291106+00
67	offer	0009_alter_offer_options	2023-12-21 20:43:05.295072+00
68	statik	0019_alter_feedbacksection_options_and_more	2023-12-21 20:43:05.307042+00
69	statik	0020_alter_feedbacksection_options_and_more	2023-12-21 20:43:05.320361+00
70	core	0020_body_head	2023-12-21 21:02:03.37951+00
71	core	0021_alter_body_options_alter_head_options_body_location	2023-12-24 15:10:40.73631+00
72	core	0022_alter_body_options_alter_body_location	2023-12-24 15:19:08.695742+00
73	core	0023_parametr_delete_calculator	2023-12-24 15:45:33.650028+00
74	core	0024_alter_parametr_options_and_more	2023-12-24 15:49:00.559496+00
75	core	0025_remove_parametr_interest_rate_az_and_more	2023-12-24 19:50:32.733908+00
76	core	0026_alter_parametr_appraisal_rate_az_and_more	2023-12-24 19:54:52.99373+00
77	offer	0010_message	2023-12-26 21:55:33.828015+00
78	core	0027_why_position	2024-01-03 09:41:44.565298+00
79	statik	0021_offerssection_form_button_text_and_more	2024-01-04 08:14:38.795748+00
80	statik	0022_offerssection_form_text	2024-01-04 08:14:38.804535+00
81	offer	0011_offer_emlakın_deyeri_offer_ilkin_kapital_and_more	2024-01-04 22:38:38.414398+00
82	offer	0012_alter_offer_price	2024-01-04 22:38:38.426607+00
83	offer	0013_alter_offer_emlakın_deyeri_alter_offer_ilkin_kapital_and_more	2024-01-04 22:38:38.445755+00
84	offer	0014_alter_offer_emlakın_deyeri_alter_offer_ilkin_kapital_and_more	2024-01-04 22:38:38.494029+00
85	core	0028_general_logo_white	2024-01-08 14:27:03.539035+00
86	statik	0023_mainsection_text3	2024-01-08 14:34:54.752136+00
87	core	0029_slider	2024-01-09 06:56:22.008604+00
88	core	0030_slider_background_image	2024-01-09 06:56:22.019877+00
89	core	0031_alter_slider_options_slider_sorting	2024-01-10 06:49:12.683793+00
90	core	0032_parametr_title	2024-01-10 06:49:12.689595+00
91	statik	0024_slidersection	2024-01-10 06:49:12.70253+00
92	statik	0025_alter_mainsection_options	2024-01-10 06:49:12.707755+00
93	core	0033_general_favicon	2024-01-11 10:38:17.782349+00
94	core	0034_alter_general_countdown_enddate_and_more	2024-01-11 10:38:17.788514+00
95	core	0035_alter_slider_text	2024-01-12 09:51:22.174244+00
96	core	0036_calendlyscript	2024-01-12 11:05:57.133324+00
97	statik	0026_alter_mainsection_background_image	2024-01-12 11:09:05.322248+00
98	core	0037_slider_image_link_alter_slider_button_text_and_more	2024-01-15 20:42:11.37574+00
99	contact	0002_contact_prefix	2024-01-17 18:44:06.261422+00
100	core	0038_slider_black_layer_slider_button_color	2024-01-17 18:44:06.270544+00
101	core	0039_slider_button_text_color	2024-01-17 18:44:06.275811+00
102	core	0040_alter_slider_button_color_and_more	2024-01-17 18:44:06.282472+00
103	core	0041_remove_slider_black_layer_slider_black_layer_css	2024-01-17 19:06:20.603873+00
104	core	0042_alter_slider_black_layer_css	2024-01-17 19:43:50.146268+00
105	core	0043_slider_black_layer_css_mobile_and_more	2024-01-17 19:43:50.154754+00
106	statik	0027_pages	2024-01-24 20:18:12.263329+00
107	offer	0015_alter_offer_type	2024-01-26 03:11:08.833566+00
108	offer	0016_alter_offer_type	2024-01-26 03:13:33.773755+00
109	offer	0017_alter_offer_type	2024-01-26 03:28:07.50249+00
110	statik	0028_offerssection_title2_offerssection_title3	2024-01-26 03:28:07.514664+00
111	core	0044_slider_mobile_title	2024-01-26 04:32:37.662507+00
112	contact	0003_vebinar	2024-01-30 17:43:50.689379+00
113	contact	0004_auto_20240130_2120	2024-01-30 17:43:50.701798+00
114	statik	0029_form1_form2_form3_form4	2024-02-05 20:06:54.276568+00
115	statik	0030_alter_form1_options_alter_form2_options_and_more	2024-02-05 20:15:07.557059+00
116	statik	0031_coffeesection	2024-02-05 20:28:04.766965+00
117	statik	0032_rename_dateime_coffeesection_datetime	2024-02-05 20:31:21.55945+00
118	statik	0033_remove_coffeesection_datetime	2024-02-07 09:27:42.297531+00
119	offer	0018_offer_is_sold_out	2024-02-08 11:01:03.358323+00
120	core	0045_feedbacktr_slidertr	2024-02-08 11:52:58.733234+00
\.


--
-- Data for Name: django_session; Type: TABLE DATA; Schema: public; Owner: maxcreative
--

COPY public.django_session (session_key, session_data, expire_date) FROM stdin;
amtadh21foxzdemusoyxgmdrmlcptceg	.eJxVjMEOwiAQBf-FsyGwUAoevfcbyAKLVA0kpT0Z_92Q9KDXNzPvzTwee_FHp82viV2ZZJffLWB8Uh0gPbDeG4-t7tsa-FD4STtfWqLX7XT_Dgr2MmpJWZLQLhCB0k7kYJyZhEsA0lmFkGFSGsWMFky2EK1BCDNkUiRyZJ8v1ng3oQ:1rDp0a:2MXWRuillIuGV5y_pDqlvHBCCRRLIjGXUbNaPKB-Duc	2023-12-28 16:56:24.008668+00
xdonugh54opzamcg1uxyn32blhntzk3n	.eJxVjMEOwiAQBf-FsyGwUAoevfcbyAKLVA0kpT0Z_92Q9KDXNzPvzTwee_FHp82viV2ZZJffLWB8Uh0gPbDeG4-t7tsa-FD4STtfWqLX7XT_Dgr2MmpJWZLQLhCB0k7kYJyZhEsA0lmFkGFSGsWMFky2EK1BCDNkUiRyZJ8v1ng3oQ:1rFXbx:MXM4iPPJbFdttVX80Ip_twfiRMIAuS9Vnmjx8ZgxMZk	2024-01-02 10:46:05.615999+00
b4nagkaq8ucypdogjjli6b55axambx3g	.eJxVjEEOwiAQRe_C2pAyhQFcuvcMZGBAqoYmpV0Z765NutDtf-_9lwi0rTVsPS9hYnEWIE6_W6T0yG0HfKd2m2Wa27pMUe6KPGiX15nz83K4fweVev3W3hETqpg8QynKKmNhYLbKwohgtaYBondYikWPaLLOOJIr4JM3OpF4fwDUvDdf:1rH11r:RFVltJGOVjlp_j50Rh2HRmL98P6rn88imdSou3D8g3E	2024-01-06 12:22:55.870339+00
rjbiv5jki5s9nng21gd4n3kfjgb7o7fq	.eJxVjEEOwiAQRe_C2pAyhQFcuvcMZGBAqoYmpV0Z765NutDtf-_9lwi0rTVsPS9hYnEWIE6_W6T0yG0HfKd2m2Wa27pMUe6KPGiX15nz83K4fweVev3W3hETqpg8QynKKmNhYLbKwohgtaYBondYikWPaLLOOJIr4JM3OpF4fwDUvDdf:1rJB42:CjjO0D2xaopVP_8ZPhwQZjKsiAJMKEamWLM34h8aUDY	2024-01-12 11:30:06.611201+00
dz36i1ox0x2qcrw00e4fncr5sf5kbjck	.eJxVjEEOwiAQRe_C2pAyhQFcuvcMZGBAqoYmpV0Z765NutDtf-_9lwi0rTVsPS9hYnEWIE6_W6T0yG0HfKd2m2Wa27pMUe6KPGiX15nz83K4fweVev3W3hETqpg8QynKKmNhYLbKwohgtaYBondYikWPaLLOOJIr4JM3OpF4fwDUvDdf:1rKiKk:x6Otw41qQlr-60UdnX7Uff7Y0GXiy2pvcaA05Y8c_WA	2024-01-16 17:13:42.615586+00
05sqg3t7aqvae7bp5s6sbdrfo9luwe5c	.eJxVjEEOwiAQRe_C2pAyhQFcuvcMZGBAqoYmpV0Z765NutDtf-_9lwi0rTVsPS9hYnEWIE6_W6T0yG0HfKd2m2Wa27pMUe6KPGiX15nz83K4fweVev3W3hETqpg8QynKKmNhYLbKwohgtaYBondYikWPaLLOOJIr4JM3OpF4fwDUvDdf:1rKipI:bUVtGAd6A4C6qzOGn-B65LnTodGcptKaj17SMqjuBo8	2024-01-16 17:45:16.124412+00
z0i7nactvcb1bkr5pcwg16tjl6gwrep8	.eJxVjMEOwiAQBf-FsyGwUAoevfcbyAKLVA0kpT0Z_92Q9KDXNzPvzTwee_FHp82viV2ZZJffLWB8Uh0gPbDeG4-t7tsa-FD4STtfWqLX7XT_Dgr2MmpJWZLQLhCB0k7kYJyZhEsA0lmFkGFSGsWMFky2EK1BCDNkUiRyZJ8v1ng3oQ:1rKxiK:CCG6BKdwpBxctFp09aiE0p5quSUpLgIrCk3_tQsH8oI	2024-01-17 09:39:04.817347+00
509f2gpv704zp4ifyf564ub1gae62gpy	.eJxVjMEOwiAQBf-FsyGwUAoevfcbyAKLVA0kpT0Z_92Q9KDXNzPvzTwee_FHp82viV2ZZJffLWB8Uh0gPbDeG4-t7tsa-FD4STtfWqLX7XT_Dgr2MmpJWZLQLhCB0k7kYJyZhEsA0lmFkGFSGsWMFky2EK1BCDNkUiRyZJ8v1ng3oQ:1rN63f:1nPt-kNvxeuol1dz6lnUp489aUjL9evadzljuL1Fa8U	2024-01-23 06:57:55.106523+00
9lp2ls189fwe0x8mqf0ufze19fxkml35	.eJxVjEEOwiAQRe_C2pAyhQFcuvcMZGBAqoYmpV0Z765NutDtf-_9lwi0rTVsPS9hYnEWIE6_W6T0yG0HfKd2m2Wa27pMUe6KPGiX15nz83K4fweVev3W3hETqpg8QynKKmNhYLbKwohgtaYBondYikWPaLLOOJIr4JM3OpF4fwDUvDdf:1rNcPD:NEYHjXpVQKMFx3omMY4KaYjWKb0Wh5i6eHbaWP-G10A	2024-01-24 17:30:19.676316+00
n5yvysixlm62esgd3wf45kunj61k3x7e	.eJxVjDsOwjAQBe_iGln-JP5Q0nMGa9e7xgHkSHFSIe4OkVJA-2bmvUSCba1p67ykicRZWHH63RDyg9sO6A7tNss8t3WZUO6KPGiX15n4eTncv4MKvX5rVZCohMHkAHpUPlgDarCWss-xUMgu6lIIFRQbnUK2DlB5dqzBBDeK9wf6Hjhf:1rPiCw:lKXsvRmOBV2Rq9di_4GK8_Wfns4NCRuSMO5__i2NeHo	2024-01-30 12:06:18.401682+00
r0rohrhxux1la0ps11pl5dg5xx49m4rw	.eJxVjEEOwiAQRe_C2pAyhQFcuvcMZGBAqoYmpV0Z765NutDtf-_9lwi0rTVsPS9hYnEWIE6_W6T0yG0HfKd2m2Wa27pMUe6KPGiX15nz83K4fweVev3W3hETqpg8QynKKmNhYLbKwohgtaYBondYikWPaLLOOJIr4JM3OpF4fwDUvDdf:1rQ9JB:AdGuWVNpubbVAuFt1qyXeXWxUFWwcbhV-yDGn0ouMVU	2024-01-31 17:02:33.290523+00
0w5ztnp33r79nja67z6wzrkq9v9i31qi	.eJxVjMEOwiAQBf-FsyGwUAoevfcbyAKLVA0kpT0Z_92Q9KDXNzPvzTwee_FHp82viV2ZZJffLWB8Uh0gPbDeG4-t7tsa-FD4STtfWqLX7XT_Dgr2MmpJWZLQLhCB0k7kYJyZhEsA0lmFkGFSGsWMFky2EK1BCDNkUiRyZJ8v1ng3oQ:1rQBFy:F8ZW78fYVDrej1gHIdgO83gydce1NO3V_jF0glZ6p7Q	2024-01-31 19:07:22.942273+00
tggf5jvzjs17i251n9a90lbpvgh3ri1m	.eJxVjEEOwiAQRe_C2pAyhQFcuvcMZGBAqoYmpV0Z765NutDtf-_9lwi0rTVsPS9hYnEWIE6_W6T0yG0HfKd2m2Wa27pMUe6KPGiX15nz83K4fweVev3W3hETqpg8QynKKmNhYLbKwohgtaYBondYikWPaLLOOJIr4JM3OpF4fwDUvDdf:1rQMeC:AhQ_k7bAJrF0h5OZE_slYFRBQsOgCFuWiUZ_4g_cZsk	2024-02-01 07:17:08.583989+00
neu1wgnl3ij7ddhkvidd91v9vd7x4589	.eJxVjEEOwiAQRe_C2pAyhQFcuvcMZGBAqoYmpV0Z765NutDtf-_9lwi0rTVsPS9hYnEWIE6_W6T0yG0HfKd2m2Wa27pMUe6KPGiX15nz83K4fweVev3W3hETqpg8QynKKmNhYLbKwohgtaYBondYikWPaLLOOJIr4JM3OpF4fwDUvDdf:1rTVPc:XJezOOsdCpXjHR_fOTcYPoKP__6qciXeoGBISHuvSrA	2024-02-09 23:15:04.598476+00
4k0wjc58le3b6oufen55rfdh0a8k1krs	.eJxVjEEOwiAQRe_C2pAyhQFcuvcMZGBAqoYmpV0Z765NutDtf-_9lwi0rTVsPS9hYnEWIE6_W6T0yG0HfKd2m2Wa27pMUe6KPGiX15nz83K4fweVev3W3hETqpg8QynKKmNhYLbKwohgtaYBondYikWPaLLOOJIr4JM3OpF4fwDUvDdf:1rUWAV:3vMBISwe6w_l-92KgeC5URMuxCC6kI0kM6Em7QRnwlg	2024-02-12 18:15:39.187982+00
5u9f2gw5oszvqakzgxspdc5tx8a54rhj	.eJxVjEEOwiAQRe_C2pAyhQFcuvcMZGBAqoYmpV0Z765NutDtf-_9lwi0rTVsPS9hYnEWIE6_W6T0yG0HfKd2m2Wa27pMUe6KPGiX15nz83K4fweVev3W3hETqpg8QynKKmNhYLbKwohgtaYBondYikWPaLLOOJIr4JM3OpF4fwDUvDdf:1rUlPZ:jfXzfTlIPowO-ZDjuCocPsUtU0_Vl_bU2gyXwQp8jiA	2024-02-13 10:32:13.186523+00
i6se9qjq3bt4pml8l9q5ho1c0t2dgv2e	.eJxVjMEOwiAQBf-FsyGwUAoevfcbyAKLVA0kpT0Z_92Q9KDXNzPvzTwee_FHp82viV2ZZJffLWB8Uh0gPbDeG4-t7tsa-FD4STtfWqLX7XT_Dgr2MmpJWZLQLhCB0k7kYJyZhEsA0lmFkGFSGsWMFky2EK1BCDNkUiRyZJ8v1ng3oQ:1rUu55:1hmHRrolvdof_Uqw6ED27sEI-L6P_jQq7_Qw5fYDBqw	2024-02-13 19:47:39.91378+00
pyfukz0stop34gzn897v386oghdnhkpk	.eJxVjMEOwiAQBf-FsyGwUAoevfcbyAKLVA0kpT0Z_92Q9KDXNzPvzTwee_FHp82viV2ZZJffLWB8Uh0gPbDeG4-t7tsa-FD4STtfWqLX7XT_Dgr2MmpJWZLQLhCB0k7kYJyZhEsA0lmFkGFSGsWMFky2EK1BCDNkUiRyZJ8v1ng3oQ:1rX5FM:ofJpicLij8dMHtQWpkExDOzTpEs8C9Y1FWSsGCCnBfA	2024-02-19 20:07:16.205439+00
\.


--
-- Data for Name: django_summernote_attachment; Type: TABLE DATA; Schema: public; Owner: maxcreative
--

COPY public.django_summernote_attachment (id, name, file, uploaded) FROM stdin;
\.


--
-- Data for Name: offer_image; Type: TABLE DATA; Schema: public; Owner: maxcreative
--

COPY public.offer_image (id, image, offer_id) FROM stdin;
4	PHOTO-2024-01-11-13-34-02_2.jpg	3
5	PHOTO-2024-01-11-13-34-01.jpg	3
6	PHOTO-2024-01-11-13-34-03.jpg	3
7	PHOTO-2024-01-11-13-34-04.jpg	3
8	PHOTO-2024-01-11-13-34-05.jpg	3
9	PHOTO-2024-01-11-13-34-07_2.jpg	3
10	PHOTO-2024-01-11-13-34-07.jpg	3
11	PHOTO-2024-01-11-13-34-08_2.jpg	3
12	PHOTO-2024-01-11-13-34-08.jpg	3
13	PHOTO-2024-01-11-13-34-09_2.jpg	3
14	PHOTO-2024-01-11-13-34-12_2.jpg	3
15	PHOTO-2024-01-11-13-34-12.jpg	3
16	IMG_9080.png	4
17	IMG_9081.png	4
18	IMG_9082.png	4
19	IMG_9083.png	4
20	499ef20d-2844-414b-adeb-5f3cf84dfa8b.png	5
21	4095c302-df36-4dfd-ad1a-0eab5d75f8d4.png	5
22	d27730ce-7b8b-46d0-b65c-4f6cd7edd5a1.png	5
23	ea52b58b-c21c-4716-a38f-107f5a82f6b4.png	5
24	d5897191-2d2d-4105-88c5-cfbaed438124.png	5
25	a65a7793-7315-4b66-bdc4-e425b6000a38.png	6
26	9606d53c-85c2-4c48-9565-ba0efc2c70d1.png	6
27	cd3b33d8-ec9d-4a75-b3ad-3d894d41ab2f.png	6
28	5f435254-b677-4f15-b4ba-fb3129213b22.png	6
29	f0b62c52-8502-4f78-b310-c9e6445d902a.png	6
30	efcc67da-65a3-40c1-8155-a1d27151a2be.png	7
31	f3418584-2fa1-4b5f-8014-f2323f668c15.png	7
32	b2bfb1e9-127c-408a-91b0-244f9846af84.png	7
33	38c21067-3efc-4297-98c8-abafe0de1f88.png	7
35	61a512e2-d8aa-4d51-b940-4b714ba03143.png	8
36	164d8bb6-691d-4fbf-ae88-8dc1678629a0.png	8
37	629ddf62-e226-4842-a4da-59a8f90e363c.png	8
38	3deca1f6-53ce-4b9b-94af-705ad0643778.png	8
39	9fd1f7b7-1d99-490a-aac2-88a10bdfc8e6.png	8
59	fe0b3785-d302-4c12-aaab-49f129015cb0.png	8
60	f7b1bbf2-27ed-4a29-bfb5-71c5c1d9fcc5.png	8
61	d94cad8e-0efe-4cef-8d74-f1ee0a66389c.png	8
62	b2cf4c11-b627-416d-9941-14fc440bcfaa.png	8
63	8771d4b4-9c04-4e21-ae72-68d64425a881.png	8
64	3489b9bd-02fa-47a6-8b40-26875e6664e5.png	8
65	880a98c6-5dce-4179-a8f9-500de0fcbbdb.png	8
66	778ab85a-c8c4-49c8-b1cd-7adccadb1fed.png	8
67	88ca02bf-fd10-4ca0-bb83-ad3853b4bb65.png	8
68	4a3e7b8c-7b45-4786-9119-0a541a8aacbb.png	8
69	c6233e91-bc1f-4449-a18d-cc0f3a0d05f1.png	8
70	6866017c-a0f8-4a4d-9d28-9420b1de264b.png	8
71	123697b1-6742-48fc-a4ad-d5f00d081adf.png	8
72	6a6f4d8d-c81b-4359-b5dc-6949d0987108.png	8
73	3f9181ec-dea0-4583-9a3b-0e3293a0f1a0.png	8
74	1e6e64f9-b9a0-4664-963c-cc323f579104.png	8
75	1e3f5791-069f-47ed-bad3-2675869ad76f.png	8
34	f3418584-2fa1-4b5f-8014-f2323f668c15_0LDpQey.png	7
76	46ca3765-07d2-4486-96e4-7d7f0003d14d.png	7
77	0abd02e7-c0ee-4184-b8e1-4ee32a62295c.png	7
78	6bed0ea1-dcba-4091-bb0c-c063455192a3.png	7
79	13604b34-10e2-4f84-a512-ed108857ad4b.png	7
80	1eb2f175-1f57-4b14-aafe-a884411e8cde.png	7
81	5f223277-998b-4c0f-aa2b-da0dce621ad9.png	7
82	2ae88ec9-f39e-4082-9cae-feebb533ef2b.png	7
83	99aeb55d-d72b-4a72-b7e8-b608d534efeb_nVK3jvP.png	7
84	193175ad-de57-4886-b46f-cc3c329045df.png	7
85	e80f1860-6341-4c61-8dc3-87535c82f3a2.png	7
86	f2a44324-ed4e-4722-8b60-f429fc44149b.png	7
87	08461277-cc40-4752-92e5-8d5d13322cbe.png	7
88	f5eb4fbc-5444-431a-be7a-9c426bb995b4.png	7
89	85cafb3f-93b2-428a-8b51-86a806fbe93a.png	7
90	d13ec910-7a74-48fe-9a51-ed9325a34d15.png	7
91	ecbb5907-c1fb-4947-9906-6a08af7d93a1.png	6
92	e2ee0385-6a5f-410b-b8e5-b4c9ad90f2e7.png	6
93	d98301be-0eb4-4930-8e69-5961c8471de8.png	6
94	d78597a4-c406-467d-b4a9-70e8d6c6e580.png	6
95	ce65bbf9-8951-492a-afc2-103edd911cc8.png	6
96	ce63be50-11e2-4930-84af-dcf6153d755a.png	6
97	cd9f639a-0903-4687-91b5-7e4c61758d0a.png	6
98	ba78f2c1-47ef-418d-8b5b-702f3c394e7f.png	6
99	216cf2c1-d74b-4c2c-872d-0937e4421a4a.png	6
100	6fc97265-4dbe-45a1-b82b-4ea01f82cd83.png	6
101	3a2848bb-3c4c-4a1a-9277-6decc7a99f5a.png	6
102	2ad8da15-065c-4980-a9a5-e1ceba458d5c.png	6
103	608bc466-a720-41ce-ad40-0c7e468d2bb5.png	6
104	e5c74b52-f823-4aef-a11a-8307e0a1371b.png	6
105	0ceeddcd-0ac7-40a0-bcf3-df27ecce5094.png	6
106	aeba01f6-e78d-4b71-a089-3b977ba74306.png	5
107	6328b92c-72af-4bbd-8ee9-2968d56874ac.png	5
108	7f288346-49a9-450a-bc61-9dad33331fd5.png	5
109	0f9745ee-1f63-49b0-80f0-5d6be43b894a.png	5
118	IMG-20240124-WA0036.jpg	5
119	IMG-20240124-WA0035.jpg	5
120	IMG-20240124-WA0032.jpg	5
121	IMG-20240124-WA0033.jpg	5
122	IMG-20240124-WA0034.jpg	5
123	IMG-20240124-WA0031.jpg	5
124	IMG-20240124-WA0029.jpg	5
125	IMG-20240124-WA0030.jpg	5
126	IMG-20240124-WA0026.jpg	5
127	IMG-20240124-WA0027.jpg	5
128	IMG-20240124-WA0028.jpg	5
129	IMG-20240124-WA0022.jpg	5
130	IMG-20240124-WA0023.jpg	5
131	IMG-20240124-WA0024.jpg	5
132	IMG-20240124-WA0025.jpg	5
133	IMG-20240124-WA0021.jpg	5
134	Изображение_WhatsApp_2024-01-24_в_14.36.18_c2032b35_8bphQI3.jpg	4
135	IMG-20240118-WA0046_zWUYHr4.jpg	4
136	IMG-20240118-WA0045_zk60H1s.jpg	4
137	IMG-20240118-WA0044_qbP0Iea.jpg	4
138	IMG-20240118-WA0043_6HMYkku.jpg	4
139	IMG-20240118-WA0042_fOUTuWA.jpg	4
140	IMG-20240118-WA0040_Buby0W5.jpg	4
141	IMG-20240118-WA0041_0RALBHQ.jpg	4
142	Изображение_WhatsApp_2024-01-24_в_14.35.20_64d761fd.jpg	3
143	IMG-20240124-WA0049.jpg	3
144	IMG-20240124-WA0050.jpg	3
145	IMG-20240124-WA0047.jpg	3
146	IMG-20240124-WA0048.jpg	3
147	IMG-20240124-WA0045.jpg	3
148	IMG-20240124-WA0046.jpg	3
149	IMG-20240124-WA0044.jpg	3
150	IMG-20240124-WA0042.jpg	3
151	IMG-20240124-WA0043.jpg	3
152	IMG-20240124-WA0041.jpg	3
153	IMG-20240124-WA0039.jpg	3
154	IMG-20240124-WA0040.jpg	3
155	IMG-20240124-WA0037.jpg	3
156	IMG-20240124-WA0038.jpg	3
157	a258dad8-aea0-467c-a733-bc7db7e5b9dd.png	10
158	bee25862-e62e-4147-823e-264495c51218.png	10
159	da1a90e2-a129-445d-a035-1b21e4c96297.png	10
160	4a38f615-1469-4e7a-a1a9-dc6c37cae24f.png	10
161	515d9422-3da3-4c0a-bd7d-fbfdedff0aee.png	10
162	88dae30f-2937-47d4-8946-aa1af6c697dd.png	10
163	151d1637-b182-4616-a46d-ccc546ff96ca.png	10
164	ca820151-080d-4d83-941b-14b511e1b4a4.png	10
165	2c0dc986-15ce-4792-9a80-f66dfcb6f148.png	10
166	68b7022c-021d-46a2-98ef-adb7938c1727.png	10
167	8c3235e7-ab92-42a1-813e-9eda74df6517.png	10
168	18830223-e6d0-41f4-a52d-8f8c1407fa70.png	10
169	2089fa2a-682c-4e39-a1f0-6b7d15f7930a.png	10
170	7d666ba3-4e63-4335-96da-8d59ab982736.png	10
171	f9897cea-8264-443d-b579-1b9fa1ae1802.png	10
172	0a0e0904-790c-4c07-a706-dd5171bb4044.png	10
173	a1280dd2-a9d6-4b77-ae0c-48d70bc61f2f.png	10
174	PHOTO-2024-01-27-18-55-33_14.png	11
175	PHOTO-2024-01-27-18-55-33_11.png	11
176	PHOTO-2024-01-27-18-55-33_12.png	11
177	PHOTO-2024-01-27-18-55-33_15.png	11
178	PHOTO-2024-01-27-18-55-33_13.png	11
179	PHOTO-2024-01-27-18-55-33_16.png	11
180	PHOTO-2024-01-27-18-55-33_20.png	11
181	PHOTO-2024-01-27-18-55-33_19.png	11
182	PHOTO-2024-01-27-18-55-33_21.png	11
183	PHOTO-2024-01-27-18-55-33.png	11
184	PHOTO-2024-01-27-18-55-33_9.png	11
185	PHOTO-2024-01-27-18-55-33_2.png	11
186	PHOTO-2024-01-27-18-55-33_3.png	11
187	PHOTO-2024-01-27-18-55-33_4.png	11
188	PHOTO-2024-01-27-18-55-33_5.png	11
189	PHOTO-2024-01-27-18-55-33_6.png	11
190	PHOTO-2024-01-27-18-55-33_7.png	11
191	PHOTO-2024-01-27-18-55-33_8.png	11
\.


--
-- Data for Name: offer_message; Type: TABLE DATA; Schema: public; Owner: maxcreative
--

COPY public.offer_message (id, first_name, last_name, phone, email, message) FROM stdin;
1	ikiknci	sehife	(50) 210-44-98	vkuliev@gmail.com	testing 2ci sehife
2	ikiknci	sehife	(50) 210-44-98	vkuliev@gmail.com	testing 2ci sehife
3	Vugar	Guliyev	(31) 681-16-60	vkuliev@gmail.com	dada
4	dfsdfds	fdsfsf	(45) 635-67-6	jhhjh@gmail.com	fmgnfng
5	dfsdfds	uky	(45) 635-67-6	uyk@gmail.com	kuyk
6	ewe	ewwe	(35) 456-46-5	ewfnj@gmai.com	ew
7	Vugar	Guliyev	(31) 681-16-60	vkuliev@gmail.com	
8	online view	request	(50) 210-44-98	fuad@smartinvest.az	oy lazimdi
9	test	test	(55) 555-55-55	malxaz@gmail.com	test
10	test	test	(55) 555-55-55	test@gmail.com	test
11	test	test	(55) 523-23-24	test@gmail.com	test
12	Vugar	Guliyev	(31) 681-16-60	vkuliev@gmail.com	
13	Vugar	Guliyev	(31) 681-16-60	vkuliev@gmail.com	
14	Vugar	Guliyev	(31) 681-16-60	vkuliev@gmail.com	
15	Givi	Tatunashvili	(55) 568-26-81	giviko.tatunashvili@gmail.com	test
\.


--
-- Data for Name: offer_offer; Type: TABLE DATA; Schema: public; Owner: maxcreative
--

COPY public.offer_offer (id, name, address, bath, bed, image, price, square, type, distance_to_airport, distance_to_beach, distance_to_center, installment, project_status, sea_view, state_guaranteed, suitable_for_citizenship, year_built, balcon, chambres, heating_system, indoor_parking, rooms, sanitaires, wc_qty, description, ilkin_mebleg, maks_ayliq_kiraye, on_il_sonraki_qiymet, real_bazar_qiymeti, umumi_mebleg, umumi_net_gelir, "emlakın_deyeri", ilkin_kapital, kiraye_geliri, kirayeci, net_qazanc, is_sold_out) FROM stdin;
4	State of art	Mahmutlar M.230. S12/B7n	1	1	492669803.png	91000	55	A	24 km	2.5 km	10 km	Var	Hazır bina	Var	Var	Var	1	1	1	Floor	1	1	1	1	Mahmutlar məhəlləsində yerləşən yeni inşa edilmiş State of Art sitemizin gözəlliyi sizi heyran edəcək. Keyfiyyətli yaşayış üçün nəzərdə tutulmuş sitemizdə bütün lazımdı infrastruktura işlək vəziyyətdədir: binada hovuz (açıq və qapalı), su attraksionları, sauna, buxar otağı, türk hamamı, masaj salonu, idman zalı, tennis, basketbol və voleybol meydançaları, uşaq klubu, uşaq parkı, Avtodayanacağ, oyun meydançası, 24/7 muhafizə, generator, təmizlikçi və bağban, çox geniş manqal sahəsi, wifi və bir sıra digər üstünlükləri var. Gün ərzində səhər saat 9 dan axşam saat 9 qədər Mahmutlar mərkəzinə ve çimərliyə pulsuz transfer xidməti gösterilir.	\N	\N	\N	\N	\N	\N	198821	54600	6303	3 hefte	134067	f
6	Aquazure Residence	Kestel, Fakülte Cd., 07450 Alanya/Antalya	2	2	2637b159-6102-4bb7-8273-6b1f6bae805b.png	166000	100	A	27 km	50 metre	7 km	Var	Hazır bina	Var	Var	Var	5	2	2	Floor	1	2	2	2	Aquazure Residence Kestel məhəlləsində dənizə yaxın, şəhər mərkəzindən cəmi 5 dəqiqəlik məsafədə yerleşirz. \r\n\r\nBinanın açıq üzgüçülük hovuzu, uşaq hovuzu, oyun meydançası, manqal ücün ayrılmış zona ve gözəl kameliyalarla əhatələnmiş böyük həyəti vardır. Bundan əlavə pilates ve yoga zalı, masaj otağı, jakuzi, sauna, buxar otağı, fitness zal, şəxsi parkinqi, generatoru, 7/24 mühafızə və digər üstünlükləri mövcutdur. \r\n \r\nMənzilimiz binanın 3 cü mərtəbəsində yerləşir ve 2 yatağ otağı, 2 sanuzel, 2 balkon ve studio mətbəxdən ibarətdir. Hər bir yatağ otağından balkona çıxış vardır, mətbəxlə birləşmiş zalın penceresinden gözel Alanya Kalesi menzeresi açılır.	\N	\N	\N	\N	\N	\N	362685	99600	11498	3 hefte	250496	f
5	State of Art	Mahmutlar Mahallesi 230. Sokak 12/B   State OF Art ALANYA/ANTALYA	2	2	492669803_tcWI0ot.png	176000	90	A	24 km	2.5 km	10 km	Var	Hazır bina	Var	Var	Var	1	2	2	Floor	1	2	2	2	Mahmutlar məhəlləsində yerləşən yeni inşa edilmiş State of Art sitemizin gözəlliyi sizi heyran edəcək. Keyfiyyətli yaşayış üçün nəzərdə tutulmuş sitemizdə bütün lazımdı infrastruktura işlək vəziyyətdədir: binada hovuz (açıq və qapalı), su attraksionları, sauna, buxar otağı, türk hamamı, masaj salonu, idman zalı, tennis, basketbol və voleybol meydançaları, uşaq klubu, uşaq parkı, Avtodayanacağ, oyun meydançası, 24/7 muhafizə, generator, təmizlikçi və bağban, çox geniş manqal sahəsi, wifi və bir sıra digər üstünlükləri var. Gün ərzində səhər saat 9 dan axşam saat 9 qədər Mahmutlar mərkəzinə ve çimərliyə pulsuz transfer xidməti gösterilir.	\N	\N	\N	\N	\N	\N	384533	105600	12191	3 hefte	266020	f
3	State of Art	Mahmutlar	2	2	PHOTO-2024-01-11-13-34-02.jpg	146000	90	A	30	25	20	var	Hazır bina	var	var	bəli	2023	2	2	Floor	1	2	2	2	Mahmutlar məhəlləsində yerləşən yeni inşa edilmiş State of Art sitemizin gözəlliyi sizi heyran edəcək. Keyfiyyətli yaşayış üçün nəzərdə tutulmuş sitemizdə bütün lazımdı infrastruktura işlək vəziyyətdədir: binada hovuz (açıq və qapalı), su attraksionları, sauna, buxar otağı, türk hamamı, masaj salonu, idman zalı, tennis, basketbol və voleybol meydançaları, uşaq klubu, uşaq parkı, Avtodayanacağ, oyun meydançası, 24/7 muhafizə, generator, təmizlikçi və bağban, çox geniş manqal sahəsi, wifi və bir sıra digər üstünlükləri var. Gün ərzində səhər saat 9 dan axşam saat 9 qədər Mahmutlar mərkəzinə ve çimərliyə pulsuz transfer xidməti gösterilir.	\N	\N	\N	\N	\N	\N	318988	87600	10113	beli	219448	f
8	Sun Palace Garden	Tosmur, M. Cami Cd. No:6, 07469 Alanya/Antalya	1	1	4a17a76f-337f-410a-aad4-6d3b7a66549b.png	115000	70	A	30 km	350 metre	5 km	Var	Hazır bina	Yox	Var	Var	9	1	1	Floor	1	1	1	1	Lüks sitemiz Sun Palace Garden Alanyanın ən elit rayonlarından Tosmurun mərkəzinə 100 metr məsafədə, yayda xüsusi sərinlik verən Dim Çayının yanında yerləşir. Ətrafında marketlər, aptek və bütün infrastruktur mövcuddur. Maksimum 5 dəq piyada məsafədə həm çay bulvarında, həm də dəniz bulvarında gəzə bilərsiniz. Rayon xaricilərin ikamət almağı üçün açıqdır.	\N	\N	\N	\N	\N	\N	251257	69000	7966	3 hefte	171324	f
7	Taya Resort	Saraybeleni Mahallesi, Alcon Resort Sitesi, Tugayoğlu Cd. No:1, 07400 Alanya/Antalya	2	2	3d09531f-1db4-4304-a9d3-5543a357eb66.png	170000	110	A	32 km	1 km	3 km	Var	Hazır bina	Yox	Var	Var	2012	2	2	Yerdən isitmə	1	2	2	2	Alanyanın Cikcilli məhəlləsində yerləşən menzilimiz 2+1 və 130 m2 olaraq hazırlanmışdır.\r\n10 mərtəbəli binanın 6-cı mərtəbəsində yerləşir və cənub fasadına baxır. Dağ və dəniz mənzərəli binamız Alanyum AVM ve şeherin mərkəzinə yaxın, dənizə 850 metr məsafədədir. Menzilin gözel menzeresi olan geniş balkonu var. Rayon əcnəbilərin qeydiyyatı üçün açıqdır. Binada üzme hovuzu (açıq, bağlı və uşaqlar üçün ayrı), akvapark attraksionları, məşq zalı, tennis kortu, uşaq meydançası, cakuzi, sauna, türk hamamı, foye, bar, daxili avtodayanacaq, 24 saat mühafizə xidməti və digər üstünlükləri var.	\N	\N	\N	\N	\N	\N	371424	102000	11775	3 hefte	256706	f
10	Panorama Garden Sitesi	Tosmur, Merkez Cami Cd. 39/A, 07469 Alanya/Antalya	2	2	8dd2062a-c205-4149-99fb-df3f0a63211d.png	130000	120	A	37 km	800 metre	7 km	Var	Hazır bina	Var	Var	Var	12	2	2	Floor	1	2	2	2	Tosmur məhəlləsində yerləşən Panorama Garden sitesi çox baxımlı və gözəldir, sitenin bağçası dekorativ ağaclarla, çiçəklərlə əhatələnib. Binada bütün lazımdı infrastruktura işlek veziyyetdedir: hovuz (açıq və qapalı), su attraksionları, sauna, türk hamamı, Avtodayanacağ, 24/7 muhafizə, generator, təmizlikçi və bağban, wifi və bir sıra digər üstünlükləri var. Təqdim olunan geniş mənzilimiz 2 yatağ otağı, 1 studiya mətbəx və iki dağ və dəniz mənzərəli balkondan ibarətdir	\N	\N	\N	\N	\N	\N	284030	78000	9005	4 hefte	194610	f
11	Kavi Dreams	Oba, Bedenliler Sk., 07460 Alanya/Antalya	2	2	PHOTO-2024-01-27-18-55-33_10.png	180000	95	A	30 km	1 km	3 km	Var	Hazır bina	Yox	Var	Var	1	2	2	Floor	1	2	2	2	Kompleks şəhərin mərkəzindən cəmi 3 km məsafədə yerləşir. \r\n Lüks Kavi Dreams kompleksindəki mənzillərin panoramik pəncərələri bütün Alanyanın və tropik bağların, eləcə də Toros dağlarının və Alanya qalasının mənzərəsini təqdim edir.\r\n\r\n\r\nBinanın Uşaq meydançası, besedkalar və mangal zonası, tennis kortu, mini golf, qapalı qış hovuzu, Sauna və cakuzi, masaj otaqları, Türk hamamı, Duş və paltardəyişmə otaqları, Fitness zalı, Kino klubu, Pulsuz wifi, Açıq və qapalı parkinq, Generator, 7/24 mühafizə və digər üstünlükləri mövcutdur.	\N	\N	\N	\N	\N	\N	393272	108000	12468	3 hefte	272230	f
\.


--
-- Data for Name: statik_advantagesection; Type: TABLE DATA; Schema: public; Owner: maxcreative
--

COPY public.statik_advantagesection (id, title, text) FROM stdin;
1	Our advantages	We rest our work on principles of professionalism and honesty. We are focused on long-term relationships and will do our best to provide a high return on your investments.
\.


--
-- Data for Name: statik_coffeesection; Type: TABLE DATA; Schema: public; Owner: maxcreative
--

COPY public.statik_coffeesection (id, title, button_text, user1_image, user1_name, user1_profession, user2_image, user2_name, user2_profession) FROM stdin;
1	Ağıllı Yatırım İmkanları	Vebinara yazıl	fuad.jpg	Fuad Məmmədov	DƏ Investisiyaları Üzrə Stratejist	leman.jpg	Ləman Namazova	Sənədləşmə və İpoteka Mütəxəssisi
\.


--
-- Data for Name: statik_feedbacksection; Type: TABLE DATA; Schema: public; Owner: maxcreative
--

COPY public.statik_feedbacksection (id, title) FROM stdin;
1	Artıq Antalyada daşınmaz əmlak sahibi olanlar <br>görün nə deyirlər...
\.


--
-- Data for Name: statik_form1; Type: TABLE DATA; Schema: public; Owner: maxcreative
--

COPY public.statik_form1 (id, title, sub_title, success_text, button_text, text1, text2) FROM stdin;
1	AĞILLI İNVESTISIYA İMKANLARI	Vebinara qoşulmaq qeydiyyat formunu doldur!	Yeriniz Hazırdır	Göndər	Ev tapşırığınız:	1. Suallarınızı hazırlayın <br>2. Çayınızı, qəhvənizi unutmayın :)
\.


--
-- Data for Name: statik_form2; Type: TABLE DATA; Schema: public; Owner: maxcreative
--

COPY public.statik_form2 (id, success_text, button_text) FROM stdin;
1	Mesajınız qəbul olundu, sizinlə əlaqə saxlanılacaqdır.	Zəngləşək
\.


--
-- Data for Name: statik_form3; Type: TABLE DATA; Schema: public; Owner: maxcreative
--

COPY public.statik_form3 (id, success_text, button_text) FROM stdin;
1	Mesajınız qəbul olundu, sizinlə əlaqə saxlanılacaqdır.	Zəngləşək
\.


--
-- Data for Name: statik_form4; Type: TABLE DATA; Schema: public; Owner: maxcreative
--

COPY public.statik_form4 (id, title, sub_title, success_text, button_text) FROM stdin;
1	EVİ ONLİNE GÖRMƏK İSTƏYİRSİZ? BİZİMLƏ ƏLAQƏ SAXLAYIN.	Canlı baxış vəya əlavə suallarınız üçün bizə yazın.	Mesajınız qəbul olundu, sizinlə əlaqə saxlanılacaqdır.	Göndər
\.


--
-- Data for Name: statik_formsection; Type: TABLE DATA; Schema: public; Owner: maxcreative
--

COPY public.statik_formsection (id, title, sub_title, text, form_button_text, form_button_link, image) FROM stdin;
1	Evi özünüz tapmısınız?	Geri qalan işləri yenə də BİZƏ TAPŞIRIN!	<div style=" display: flex; "><img style=" margin: 0 13px 0 0; " src="static/ss.svg"> <div style=" color: #fff;">Sizə qiymət təklifi verilib? Araşdıraq!</div></div>\r\n                    <div style="    margin-top: 7px; display: flex; "><img style=" margin: -22px 13px 0 0; " src="static/ss.svg"><div style=" color: #fff;">Seçdiyiniz evi ancaq şəkillərdə görmüsünüz? Yerindəcə, ətraflı yoxlayaq!</div></div>\r\n                    <div style="    margin-top: 7px; display: flex; "><img style=" margin: 0 13px 0 0; " src="static/ss.svg"><div style=" color: #fff;">Almağa qərar vermisiniz? Sənədləşmə işlərinizdə kömək edək!</div></div>\r\n                    <div style="    margin-top: 7px; display: flex; "><img style=" margin: 0 13px 0 0; " src="static/ss.svg"><div style=" color: #fff;">Kreditlə olsa əla olardı? Dəstək olaq!</div></div>\r\n                    <div style="    margin-top: 7px; display: flex; "><img style=" margin: 0 13px 0 0; " src="static/ss.svg"><div style=" color: #fff;">Artıq almısınız? Dərhal kirayəçi tapaq!</div></div>	Zəngləşək	#	pa_1_djX9MB1.png
\.


--
-- Data for Name: statik_gelirihesablabanner; Type: TABLE DATA; Schema: public; Owner: maxcreative
--

COPY public.statik_gelirihesablabanner (id, text, background_image, button_text, button_link) FROM stdin;
1	O qədər yaxşı təklifdir ki, inandırıcı görünmür? Gəlin birlikdə real rəqəmlərlə real təkliflərə baxaq!	banner_OnLXleB.png	Real Gəlirini Hesabla!	#reall
\.


--
-- Data for Name: statik_getconsultationsection; Type: TABLE DATA; Schema: public; Owner: maxcreative
--

COPY public.statik_getconsultationsection (id, title, text, button_text, button_link) FROM stdin;
1	Safe investment, <br>reliable payment	You can choose the most suitable project with high profit potential and buy it using secure payment methods. Our lawyers will be at your service in all cases to complete the entire process in accordance with the legal system	Get a Consultation	#headerr
\.


--
-- Data for Name: statik_mainsection; Type: TABLE DATA; Schema: public; Owner: maxcreative
--

COPY public.statik_mainsection (id, title, text, button_text, button_link, background_image, text2, text3) FROM stdin;
1	Ağıllı İnvestisiya İmkanları!	Sizin də Antalyada eviniz olur. <br> Yarısı sizdən, yarısı kirayəçinizdən.	Vebinara yazıl	https://share-eu1.hsforms.com/1WnpnhCTVSpKe7NKB711i2w2dmmyn	mainnn_1_H7D1jHH.jpg	Cəmi 80.000 AZN-dən başlayan investisiya ilə <br> Antalyada Daşınmaz Əmlak sahibi ol!	MARAQLIDIR?
\.


--
-- Data for Name: statik_muzakireedek; Type: TABLE DATA; Schema: public; Owner: maxcreative
--

COPY public.statik_muzakireedek (id, title, text, button_text, button_link, image) FROM stdin;
1	Pulsuz vebinara qoşulun, bütün suallarınızı cavablandıraq!	“Hər gün sizin kimi ağıllı yatırımlar etmək və bu fürsəti gecikmədən dəyərləndirən investor olmaq istəyən 10-larla insan Alanya Friends olaraq bizə müraciət edir.  Bizim konsultantlarımız sizinlə birbaşa olaraq fərdi danışıq sessiyaları təşkil edərək  və ya mütəmadi olaraq keçirdiyimiz onlayn seminarlarda suallarınızı tam ətraflı cavablandırmağa hazırdırlar!”	Gəlin, üz-üzə danışaq	#gelinn	banner5_0FKomyt.png
\.


--
-- Data for Name: statik_niyesecirler; Type: TABLE DATA; Schema: public; Owner: maxcreative
--

COPY public.statik_niyesecirler (id, title, title1, text1, title2, text2, title3, text3, title4, text4) FROM stdin;
1	Ağıllı yatırımçılar niyə bizi seçirlər?	Çünki, Biz 4 vacib məsələni həll edirik!	Ev seçimindən və onun <b>qiymətinin razılaşdırmasından</b> tutmuş, <b>sənədləşmənin tam qaydasında aparılmasına</b>, əgər kreditlə əldə edəcəksinizsə, <b>kreditin rəsmiləşməsinə</b>, daha sonra <b>kirayəçinin tapılmasına</b> qədər bütün proseslərdə sizin ən yaxşı köməkçiniz oluruq.	Çünki, sizin davamlı qazanmağınız üçün çalışırıq!	Biz bütün müştərilərimizlə uzunmüddətli münasibətlərdə maraqlıyıq. Sizin daşınmaz əmlak investisiyalarınızda daima yanınızda olaraq sizə daha çox qazandırmağa çalışırıq. Səbəbi isə çox sadədir: win-win strategiyası!	Çünki, Əmlakınıza dərhal kirayəçi tapırıq!	Biz bütün müştərilərimizlə uzunmüddətli münasibətlərdə maraqlıyıq. Sizin daşınmaz əmlak investisiyalarınızda daima yanınızda olaraq sizə daha çox qazandırmağa çalışırıq. Səbəbi isə çox sadədir: win-win strategiyası!	Çünki, biz tam rəsmi işləyirik! 100%!	Bütün mərhələlərdə - istər danışıqlar vaxtı, istər əmlakın axtarışında, istərsə də əmlakın alınması üçün tələb olunan ilkin investisiya məbləğinin köçürülməsində - heç birində sizdən qeyri-qanuni və ya rəsmi olmayan heç bir şey tələb etmirik. Hər şey şəffaf və aydındır. Ağıllı yatırımçıların öyrəşdiyi kimi!
\.


--
-- Data for Name: statik_offerssection; Type: TABLE DATA; Schema: public; Owner: maxcreative
--

COPY public.statik_offerssection (id, title, text, form_button_text, form_button_url, form_text, title2, title3) FROM stdin;
1	Evlər	Hazır qaynar təkliflərə bax və doğru investisiya üçün ən uyğunlarını seç.	Bizimlə əlaqə	/	Axtardığınızı tapmadınızsa, bizə yazın. Biz xüsusi olaraq istəyinizə uyğun bir təklif hazırlayarıq!	Digər təklilərə bax	Ən çox baxılanlar
\.


--
-- Data for Name: statik_pages; Type: TABLE DATA; Schema: public; Owner: maxcreative
--

COPY public.statik_pages (id, title, link, body) FROM stdin;
1	Privacy Policy	privacy-policy	<h1 style="font-size: 40px; font-family: &quot;Helvetica Neue&quot;, Helvetica, Arial, sans-serif; font-weight: 700; line-height: 60px; color: rgb(0, 0, 0);">Privacy Policy</h1><p style="color: rgb(0, 0, 0); font-size: 16px;">Last updated: January 23, 2024</p><p style="color: rgb(0, 0, 0); font-size: 16px;">This Privacy Policy describes Our policies and procedures on the collection, use and disclosure of Your information when You use the Service and tells You about Your privacy rights and how the law protects You.</p><p style="color: rgb(0, 0, 0); font-size: 16px;">We use Your Personal data to provide and improve the Service. By using the Service, You agree to the collection and use of information in accordance with this Privacy Policy. This Privacy Policy has been created with the help of the&nbsp;<a href="https://www.termsfeed.com/privacy-policy-generator/" target="_blank" style="color: rgb(0, 0, 0); cursor: pointer;">Privacy Policy Generator</a>.</p><h2 style="font-family: &quot;Helvetica Neue&quot;, Helvetica, Arial, sans-serif; font-weight: 700; line-height: 48px; color: rgb(0, 0, 0); font-size: 32px;">Interpretation and Definitions</h2><h3 style="font-family: &quot;Helvetica Neue&quot;, Helvetica, Arial, sans-serif; font-weight: 700; line-height: 36px; color: rgb(0, 0, 0);">Interpretation</h3><p style="color: rgb(0, 0, 0); font-size: 16px;">The words of which the initial letter is capitalized have meanings defined under the following conditions. The following definitions shall have the same meaning regardless of whether they appear in singular or in plural.</p><h3 style="font-family: &quot;Helvetica Neue&quot;, Helvetica, Arial, sans-serif; font-weight: 700; line-height: 36px; color: rgb(0, 0, 0);">Definitions</h3><p style="color: rgb(0, 0, 0); font-size: 16px;">For the purposes of this Privacy Policy:</p><ul style="color: rgb(0, 0, 0); font-size: 16px;"><li><p><span style="font-weight: 700;">Account</span>&nbsp;means a unique account created for You to access our Service or parts of our Service.</p></li><li><p><span style="font-weight: 700;">Affiliate</span>&nbsp;means an entity that controls, is controlled by or is under common control with a party, where "control" means ownership of 50% or more of the shares, equity interest or other securities entitled to vote for election of directors or other managing authority.</p></li><li><p><span style="font-weight: 700;">Company</span>&nbsp;(referred to as either "the Company", "We", "Us" or "Our" in this Agreement) refers to Smartinvest MMC, M.H.Naxcivani küç15, Bakı, Azərbaycan, AZ1065.</p></li><li><p><span style="font-weight: 700;">Cookies</span>&nbsp;are small files that are placed on Your computer, mobile device or any other device by a website, containing the details of Your browsing history on that website among its many uses.</p></li><li><p><span style="font-weight: 700;">Country</span>&nbsp;refers to: Azerbaijan</p></li><li><p><span style="font-weight: 700;">Device</span>&nbsp;means any device that can access the Service such as a computer, a cellphone or a digital tablet.</p></li><li><p><span style="font-weight: 700;">Personal Data</span>&nbsp;is any information that relates to an identified or identifiable individual.</p></li><li><p><span style="font-weight: 700;">Service</span>&nbsp;refers to the Website.</p></li><li><p><span style="font-weight: 700;">Service Provider</span>&nbsp;means any natural or legal person who processes the data on behalf of the Company. It refers to third-party companies or individuals employed by the Company to facilitate the Service, to provide the Service on behalf of the Company, to perform services related to the Service or to assist the Company in analyzing how the Service is used.</p></li><li><p><span style="font-weight: 700;">Usage Data</span>&nbsp;refers to data collected automatically, either generated by the use of the Service or from the Service infrastructure itself (for example, the duration of a page visit).</p></li><li><p><span style="font-weight: 700;">Website</span>&nbsp;refers to Smartinvest.az, accessible from&nbsp;<a href="https://smartinvest.az/" rel="external nofollow noopener" target="_blank" style="color: rgb(4, 82, 165); text-decoration-line: underline; cursor: pointer;">https://smartinvest.az</a></p></li><li><p><span style="font-weight: 700;">You</span>&nbsp;means the individual accessing or using the Service, or the company, or other legal entity on behalf of which such individual is accessing or using the Service, as applicable.</p></li></ul><h2 style="font-family: &quot;Helvetica Neue&quot;, Helvetica, Arial, sans-serif; font-weight: 700; line-height: 48px; color: rgb(0, 0, 0); font-size: 32px;">Collecting and Using Your Personal Data</h2><h3 style="font-family: &quot;Helvetica Neue&quot;, Helvetica, Arial, sans-serif; font-weight: 700; line-height: 36px; color: rgb(0, 0, 0);">Types of Data Collected</h3><h4 style="font-family: &quot;Helvetica Neue&quot;, Helvetica, Arial, sans-serif; font-weight: 700; line-height: 30px; color: rgb(0, 0, 0); font-size: 20px;">Personal Data</h4><p style="color: rgb(0, 0, 0); font-size: 16px;">While using Our Service, We may ask You to provide Us with certain personally identifiable information that can be used to contact or identify You. Personally identifiable information may include, but is not limited to:</p><ul style="color: rgb(0, 0, 0); font-size: 16px;"><li><p>Email address</p></li><li><p>First name and last name</p></li><li><p>Phone number</p></li><li><p>Usage Data</p></li></ul><h4 style="font-family: &quot;Helvetica Neue&quot;, Helvetica, Arial, sans-serif; font-weight: 700; line-height: 30px; color: rgb(0, 0, 0); font-size: 20px;">Usage Data</h4><p style="color: rgb(0, 0, 0); font-size: 16px;">Usage Data is collected automatically when using the Service.</p><p style="color: rgb(0, 0, 0); font-size: 16px;">Usage Data may include information such as Your Device's Internet Protocol address (e.g. IP address), browser type, browser version, the pages of our Service that You visit, the time and date of Your visit, the time spent on those pages, unique device identifiers and other diagnostic data.</p><p style="color: rgb(0, 0, 0); font-size: 16px;">When You access the Service by or through a mobile device, We may collect certain information automatically, including, but not limited to, the type of mobile device You use, Your mobile device unique ID, the IP address of Your mobile device, Your mobile operating system, the type of mobile Internet browser You use, unique device identifiers and other diagnostic data.</p><p style="color: rgb(0, 0, 0); font-size: 16px;">We may also collect information that Your browser sends whenever You visit our Service or when You access the Service by or through a mobile device.</p><h4 style="font-family: &quot;Helvetica Neue&quot;, Helvetica, Arial, sans-serif; font-weight: 700; line-height: 30px; color: rgb(0, 0, 0); font-size: 20px;">Tracking Technologies and Cookies</h4><p style="color: rgb(0, 0, 0); font-size: 16px;">We use Cookies and similar tracking technologies to track the activity on Our Service and store certain information. Tracking technologies used are beacons, tags, and scripts to collect and track information and to improve and analyze Our Service. The technologies We use may include:</p><ul style="color: rgb(0, 0, 0); font-size: 16px;"><li><span style="font-weight: 700;">Cookies or Browser Cookies.</span>&nbsp;A cookie is a small file placed on Your Device. You can instruct Your browser to refuse all Cookies or to indicate when a Cookie is being sent. However, if You do not accept Cookies, You may not be able to use some parts of our Service. Unless you have adjusted Your browser setting so that it will refuse Cookies, our Service may use Cookies.</li><li><span style="font-weight: 700;">Web Beacons.</span>&nbsp;Certain sections of our Service and our emails may contain small electronic files known as web beacons (also referred to as clear gifs, pixel tags, and single-pixel gifs) that permit the Company, for example, to count users who have visited those pages or opened an email and for other related website statistics (for example, recording the popularity of a certain section and verifying system and server integrity).</li></ul><p style="color: rgb(0, 0, 0); font-size: 16px;">Cookies can be "Persistent" or "Session" Cookies. Persistent Cookies remain on Your personal computer or mobile device when You go offline, while Session Cookies are deleted as soon as You close Your web browser. You can learn more about cookies on&nbsp;<a href="https://www.termsfeed.com/blog/cookies/#What_Are_Cookies" target="_blank" style="color: rgb(0, 0, 0); cursor: pointer;">TermsFeed website</a>&nbsp;article.</p><p style="color: rgb(0, 0, 0); font-size: 16px;">We use both Session and Persistent Cookies for the purposes set out below:</p><ul style="color: rgb(0, 0, 0); font-size: 16px;"><li><p><span style="font-weight: 700;">Necessary / Essential Cookies</span></p><p>Type: Session Cookies</p><p>Administered by: Us</p><p>Purpose: These Cookies are essential to provide You with services available through the Website and to enable You to use some of its features. They help to authenticate users and prevent fraudulent use of user accounts. Without these Cookies, the services that You have asked for cannot be provided, and We only use these Cookies to provide You with those services.</p></li><li><p><span style="font-weight: 700;">Cookies Policy / Notice Acceptance Cookies</span></p><p>Type: Persistent Cookies</p><p>Administered by: Us</p><p>Purpose: These Cookies identify if users have accepted the use of cookies on the Website.</p></li><li><p><span style="font-weight: 700;">Functionality Cookies</span></p><p>Type: Persistent Cookies</p><p>Administered by: Us</p><p>Purpose: These Cookies allow us to remember choices You make when You use the Website, such as remembering your login details or language preference. The purpose of these Cookies is to provide You with a more personal experience and to avoid You having to re-enter your preferences every time You use the Website.</p></li></ul><p style="color: rgb(0, 0, 0); font-size: 16px;">For more information about the cookies we use and your choices regarding cookies, please visit our Cookies Policy or the Cookies section of our Privacy Policy.</p><h3 style="font-family: &quot;Helvetica Neue&quot;, Helvetica, Arial, sans-serif; font-weight: 700; line-height: 36px; color: rgb(0, 0, 0);">Use of Your Personal Data</h3><p style="color: rgb(0, 0, 0); font-size: 16px;">The Company may use Personal Data for the following purposes:</p><ul style="color: rgb(0, 0, 0); font-size: 16px;"><li><p><span style="font-weight: 700;">To provide and maintain our Service</span>, including to monitor the usage of our Service.</p></li><li><p><span style="font-weight: 700;">To manage Your Account:</span>&nbsp;to manage Your registration as a user of the Service. The Personal Data You provide can give You access to different functionalities of the Service that are available to You as a registered user.</p></li><li><p><span style="font-weight: 700;">For the performance of a contract:</span>&nbsp;the development, compliance and undertaking of the purchase contract for the products, items or services You have purchased or of any other contract with Us through the Service.</p></li><li><p><span style="font-weight: 700;">To contact You:</span>&nbsp;To contact You by email, telephone calls, SMS, or other equivalent forms of electronic communication, such as a mobile application's push notifications regarding updates or informative communications related to the functionalities, products or contracted services, including the security updates, when necessary or reasonable for their implementation.</p></li><li><p><span style="font-weight: 700;">To provide You</span>&nbsp;with news, special offers and general information about other goods, services and events which we offer that are similar to those that you have already purchased or enquired about unless You have opted not to receive such information.</p></li><li><p><span style="font-weight: 700;">To manage Your requests:</span>&nbsp;To attend and manage Your requests to Us.</p></li><li><p><span style="font-weight: 700;">For business transfers:</span>&nbsp;We may use Your information to evaluate or conduct a merger, divestiture, restructuring, reorganization, dissolution, or other sale or transfer of some or all of Our assets, whether as a going concern or as part of bankruptcy, liquidation, or similar proceeding, in which Personal Data held by Us about our Service users is among the assets transferred.</p></li><li><p><span style="font-weight: 700;">For other purposes</span>: We may use Your information for other purposes, such as data analysis, identifying usage trends, determining the effectiveness of our promotional campaigns and to evaluate and improve our Service, products, services, marketing and your experience.</p></li></ul><p style="color: rgb(0, 0, 0); font-size: 16px;">We may share Your personal information in the following situations:</p><ul style="color: rgb(0, 0, 0); font-size: 16px;"><li><span style="font-weight: 700;">With Service Providers:</span>&nbsp;We may share Your personal information with Service Providers to monitor and analyze the use of our Service, to contact You.</li><li><span style="font-weight: 700;">For business transfers:</span>&nbsp;We may share or transfer Your personal information in connection with, or during negotiations of, any merger, sale of Company assets, financing, or acquisition of all or a portion of Our business to another company.</li><li><span style="font-weight: 700;">With Affiliates:</span>&nbsp;We may share Your information with Our affiliates, in which case we will require those affiliates to honor this Privacy Policy. Affiliates include Our parent company and any other subsidiaries, joint venture partners or other companies that We control or that are under common control with Us.</li><li><span style="font-weight: 700;">With business partners:</span>&nbsp;We may share Your information with Our business partners to offer You certain products, services or promotions.</li><li><span style="font-weight: 700;">With other users:</span>&nbsp;when You share personal information or otherwise interact in the public areas with other users, such information may be viewed by all users and may be publicly distributed outside.</li><li><span style="font-weight: 700;">With Your consent</span>: We may disclose Your personal information for any other purpose with Your consent.</li></ul><h3 style="font-family: &quot;Helvetica Neue&quot;, Helvetica, Arial, sans-serif; font-weight: 700; line-height: 36px; color: rgb(0, 0, 0);">Retention of Your Personal Data</h3><p style="color: rgb(0, 0, 0); font-size: 16px;">The Company will retain Your Personal Data only for as long as is necessary for the purposes set out in this Privacy Policy. We will retain and use Your Personal Data to the extent necessary to comply with our legal obligations (for example, if we are required to retain your data to comply with applicable laws), resolve disputes, and enforce our legal agreements and policies.</p><p style="color: rgb(0, 0, 0); font-size: 16px;">The Company will also retain Usage Data for internal analysis purposes. Usage Data is generally retained for a shorter period of time, except when this data is used to strengthen the security or to improve the functionality of Our Service, or We are legally obligated to retain this data for longer time periods.</p><h3 style="font-family: &quot;Helvetica Neue&quot;, Helvetica, Arial, sans-serif; font-weight: 700; line-height: 36px; color: rgb(0, 0, 0);">Transfer of Your Personal Data</h3><p style="color: rgb(0, 0, 0); font-size: 16px;">Your information, including Personal Data, is processed at the Company's operating offices and in any other places where the parties involved in the processing are located. It means that this information may be transferred to — and maintained on — computers located outside of Your state, province, country or other governmental jurisdiction where the data protection laws may differ than those from Your jurisdiction.</p><p style="color: rgb(0, 0, 0); font-size: 16px;">Your consent to this Privacy Policy followed by Your submission of such information represents Your agreement to that transfer.</p><p style="color: rgb(0, 0, 0); font-size: 16px;">The Company will take all steps reasonably necessary to ensure that Your data is treated securely and in accordance with this Privacy Policy and no transfer of Your Personal Data will take place to an organization or a country unless there are adequate controls in place including the security of Your data and other personal information.</p><h3 style="font-family: &quot;Helvetica Neue&quot;, Helvetica, Arial, sans-serif; font-weight: 700; line-height: 36px; color: rgb(0, 0, 0);">Delete Your Personal Data</h3><p style="color: rgb(0, 0, 0); font-size: 16px;">You have the right to delete or request that We assist in deleting the Personal Data that We have collected about You.</p><p style="color: rgb(0, 0, 0); font-size: 16px;">Our Service may give You the ability to delete certain information about You from within the Service.</p><p style="color: rgb(0, 0, 0); font-size: 16px;">You may update, amend, or delete Your information at any time by signing in to Your Account, if you have one, and visiting the account settings section that allows you to manage Your personal information. You may also contact Us to request access to, correct, or delete any personal information that You have provided to Us.</p><p style="color: rgb(0, 0, 0); font-size: 16px;">Please note, however, that We may need to retain certain information when we have a legal obligation or lawful basis to do so.</p><h3 style="font-family: &quot;Helvetica Neue&quot;, Helvetica, Arial, sans-serif; font-weight: 700; line-height: 36px; color: rgb(0, 0, 0);">Disclosure of Your Personal Data</h3><h4 style="font-family: &quot;Helvetica Neue&quot;, Helvetica, Arial, sans-serif; font-weight: 700; line-height: 30px; color: rgb(0, 0, 0); font-size: 20px;">Business Transactions</h4><p style="color: rgb(0, 0, 0); font-size: 16px;">If the Company is involved in a merger, acquisition or asset sale, Your Personal Data may be transferred. We will provide notice before Your Personal Data is transferred and becomes subject to a different Privacy Policy.</p><h4 style="font-family: &quot;Helvetica Neue&quot;, Helvetica, Arial, sans-serif; font-weight: 700; line-height: 30px; color: rgb(0, 0, 0); font-size: 20px;">Law enforcement</h4><p style="color: rgb(0, 0, 0); font-size: 16px;">Under certain circumstances, the Company may be required to disclose Your Personal Data if required to do so by law or in response to valid requests by public authorities (e.g. a court or a government agency).</p><h4 style="font-family: &quot;Helvetica Neue&quot;, Helvetica, Arial, sans-serif; font-weight: 700; line-height: 30px; color: rgb(0, 0, 0); font-size: 20px;">Other legal requirements</h4><p style="color: rgb(0, 0, 0); font-size: 16px;">The Company may disclose Your Personal Data in the good faith belief that such action is necessary to:</p><ul style="color: rgb(0, 0, 0); font-size: 16px;"><li>Comply with a legal obligation</li><li>Protect and defend the rights or property of the Company</li><li>Prevent or investigate possible wrongdoing in connection with the Service</li><li>Protect the personal safety of Users of the Service or the public</li><li>Protect against legal liability</li></ul><h3 style="font-family: &quot;Helvetica Neue&quot;, Helvetica, Arial, sans-serif; font-weight: 700; line-height: 36px; color: rgb(0, 0, 0);">Security of Your Personal Data</h3><p style="color: rgb(0, 0, 0); font-size: 16px;">The security of Your Personal Data is important to Us, but remember that no method of transmission over the Internet, or method of electronic storage is 100% secure. While We strive to use commercially acceptable means to protect Your Personal Data, We cannot guarantee its absolute security.</p><h2 style="font-family: &quot;Helvetica Neue&quot;, Helvetica, Arial, sans-serif; font-weight: 700; line-height: 48px; color: rgb(0, 0, 0); font-size: 32px;">Children's Privacy</h2><p style="color: rgb(0, 0, 0); font-size: 16px;">Our Service does not address anyone under the age of 13. We do not knowingly collect personally identifiable information from anyone under the age of 13. If You are a parent or guardian and You are aware that Your child has provided Us with Personal Data, please contact Us. If We become aware that We have collected Personal Data from anyone under the age of 13 without verification of parental consent, We take steps to remove that information from Our servers.</p><p style="color: rgb(0, 0, 0); font-size: 16px;">If We need to rely on consent as a legal basis for processing Your information and Your country requires consent from a parent, We may require Your parent's consent before We collect and use that information.</p><h2 style="font-family: &quot;Helvetica Neue&quot;, Helvetica, Arial, sans-serif; font-weight: 700; line-height: 48px; color: rgb(0, 0, 0); font-size: 32px;">Links to Other Websites</h2><p style="color: rgb(0, 0, 0); font-size: 16px;">Our Service may contain links to other websites that are not operated by Us. If You click on a third party link, You will be directed to that third party's site. We strongly advise You to review the Privacy Policy of every site You visit.</p><p style="color: rgb(0, 0, 0); font-size: 16px;">We have no control over and assume no responsibility for the content, privacy policies or practices of any third party sites or services.</p><h2 style="font-family: &quot;Helvetica Neue&quot;, Helvetica, Arial, sans-serif; font-weight: 700; line-height: 48px; color: rgb(0, 0, 0); font-size: 32px;">Changes to this Privacy Policy</h2><p style="color: rgb(0, 0, 0); font-size: 16px;">We may update Our Privacy Policy from time to time. We will notify You of any changes by posting the new Privacy Policy on this page.</p><p style="color: rgb(0, 0, 0); font-size: 16px;">We will let You know via email and/or a prominent notice on Our Service, prior to the change becoming effective and update the "Last updated" date at the top of this Privacy Policy.</p><p style="color: rgb(0, 0, 0); font-size: 16px;">You are advised to review this Privacy Policy periodically for any changes. Changes to this Privacy Policy are effective when they are posted on this page.</p><h2 style="font-family: &quot;Helvetica Neue&quot;, Helvetica, Arial, sans-serif; font-weight: 700; line-height: 48px; color: rgb(0, 0, 0); font-size: 32px;">Contact Us</h2><p style="color: rgb(0, 0, 0); font-size: 16px;">If you have any questions about this Privacy Policy, You can contact us:</p><ul style="color: rgb(0, 0, 0); font-size: 16px;"><li>By email:&nbsp;hello@smartinvest.az</li></ul>
\.


--
-- Data for Name: statik_processessection; Type: TABLE DATA; Schema: public; Owner: maxcreative
--

COPY public.statik_processessection (id, title, process2_text, process2_title, process3_text, process1_title, process1_text, process1_icon, process2_icon, process3_icon, process3_title, process4_icon, process4_text, process4_title) FROM stdin;
1	Proses? Çox sadədir!	Tamamilə sizin seçiminizdən asılı olaraq, nağd və ya kreditlə əmlakın sizin adınıza alınmasını tamamlayırıq. Sənədləşməni siz ölkəni tərk etmədən sizin adınıza keçirdib tamamlayırıq.	Alqı-satqını tamamlayırıq	Əmlakınız sizin adınıza rəsmiləşdikdən və çıxarışı alındıqdan dərhal sonra, vaxt itirmədən passiv gəlir qazanmağınız üçün hərəkətə keçirik! Sizin üçün kirayəçi tapırıq!	Əmlakınızı seçirsiniz	Satışa tam hazır təkliflərimizin və ya özünüzün seçimləriniz arasından sizin şərtlərə və imkanlara ən uyğun daşınmaz əmlak seçimini edirsiniz!	i11_Vz3Vf8s.svg	i21.svg	i31.png	İlk kirayəçinizi tapırıq	i41.svg	Ağıllı bir investisiya sahibi olaraq hələ heç ödənişini tamamlamadığınız əmlakınızdan real gəlir qazanmağa başlayırsınız!	Qazanmağa başlayırsınız!
\.


--
-- Data for Name: statik_punktlar; Type: TABLE DATA; Schema: public; Owner: maxcreative
--

COPY public.statik_punktlar (id, name, m_id) FROM stdin;
4	Hansı sənədlər tələb olunur?	1
1	Real gəlir necə hesablanır?	1
2	İpotekanı necə götürmək olar?	1
3	İpoteka limitiniz nə qədər ola bilər?	1
5	Mənziliniz neçəyə icarəyə verilə bilər?	1
6	Hansı mənzillərlə "Yaşamaq icazəsi" almaq olar?	1
\.


--
-- Data for Name: statik_slidersection; Type: TABLE DATA; Schema: public; Owner: maxcreative
--

COPY public.statik_slidersection (id, title, text) FROM stdin;
1	Antalyada daşınmaz əmlak bugünün ən ağıllı yatırım imkanlarından biridir!	“Niyə? Səbəblərini bir-bir araşdırdıq!”
\.


--
-- Data for Name: statik_smartinvest; Type: TABLE DATA; Schema: public; Owner: maxcreative
--

COPY public.statik_smartinvest (id, title, text, button_text, button_link, image) FROM stdin;
1	Təklifin ağıllı investisiya imkanı axtaran hər kəs kimi sizi də çox maraqlandırdığını bilirik.	Amma, gəlin hazır əmlak təkliflərinə keçməzdən əvvəl Smartinvest üstünlüklərinə baxaq:	Niyə Smartinvest?	#smart	banner3_DnDZEb0.png
\.


--
-- Data for Name: statik_sortingsections; Type: TABLE DATA; Schema: public; Owner: maxcreative
--

COPY public.statik_sortingsections (id, main_section_active, main_section_sort, youtube_video_active, youtube_video_sort, why_active, why_sort, advantages_active, advantages_sort, processes_active, processes_sort, get_consultation_active, get_consultation_sort, faq_active, faq_sort, offers_active, offers_sort, feedbacks_active, feedbacks_sort) FROM stdin;
\.


--
-- Data for Name: statik_suallar; Type: TABLE DATA; Schema: public; Owner: maxcreative
--

COPY public.statik_suallar (id, text, link) FROM stdin;
1	Əlinizdə hazır real təkliflər var?	#
2	Ancaq bina evləridir?	#
3	Evlərin real şəkillərinə, videolarına haradan baxa bilərəm?	#
4	Neçə otaqlı ev ala bilərəm görəsən?	#
5	Villa, ya da obyekt də ala bilərəm?	#
6	Villa, ya da obyekt də ala bilərəm?	#
\.


--
-- Data for Name: statik_whysection; Type: TABLE DATA; Schema: public; Owner: maxcreative
--

COPY public.statik_whysection (id, title, text) FROM stdin;
1	Komandamız	Peşəkar komandamız ilə sizə ağıllı investisiya yolunuzda tam dəstək verməyə hazırıq!
\.


--
-- Name: auth_group_id_seq; Type: SEQUENCE SET; Schema: public; Owner: maxcreative
--

SELECT pg_catalog.setval('public.auth_group_id_seq', 1, false);


--
-- Name: auth_group_permissions_id_seq; Type: SEQUENCE SET; Schema: public; Owner: maxcreative
--

SELECT pg_catalog.setval('public.auth_group_permissions_id_seq', 1, false);


--
-- Name: auth_permission_id_seq; Type: SEQUENCE SET; Schema: public; Owner: maxcreative
--

SELECT pg_catalog.setval('public.auth_permission_id_seq', 208, true);


--
-- Name: auth_user_groups_id_seq; Type: SEQUENCE SET; Schema: public; Owner: maxcreative
--

SELECT pg_catalog.setval('public.auth_user_groups_id_seq', 1, false);


--
-- Name: auth_user_id_seq; Type: SEQUENCE SET; Schema: public; Owner: maxcreative
--

SELECT pg_catalog.setval('public.auth_user_id_seq', 3, true);


--
-- Name: auth_user_user_permissions_id_seq; Type: SEQUENCE SET; Schema: public; Owner: maxcreative
--

SELECT pg_catalog.setval('public.auth_user_user_permissions_id_seq', 16, true);


--
-- Name: contact_contact_id_seq; Type: SEQUENCE SET; Schema: public; Owner: maxcreative
--

SELECT pg_catalog.setval('public.contact_contact_id_seq', 87, true);


--
-- Name: contact_vebinar_id_seq; Type: SEQUENCE SET; Schema: public; Owner: maxcreative
--

SELECT pg_catalog.setval('public.contact_vebinar_id_seq', 96, true);


--
-- Name: contact_waitlist_id_seq; Type: SEQUENCE SET; Schema: public; Owner: maxcreative
--

SELECT pg_catalog.setval('public.contact_waitlist_id_seq', 1, true);


--
-- Name: core_body_id_seq; Type: SEQUENCE SET; Schema: public; Owner: maxcreative
--

SELECT pg_catalog.setval('public.core_body_id_seq', 5, true);


--
-- Name: core_calendlyscript_id_seq; Type: SEQUENCE SET; Schema: public; Owner: maxcreative
--

SELECT pg_catalog.setval('public.core_calendlyscript_id_seq', 1, true);


--
-- Name: core_faq_id_seq; Type: SEQUENCE SET; Schema: public; Owner: maxcreative
--

SELECT pg_catalog.setval('public.core_faq_id_seq', 15, true);


--
-- Name: core_feature_id_seq; Type: SEQUENCE SET; Schema: public; Owner: maxcreative
--

SELECT pg_catalog.setval('public.core_feature_id_seq', 4, true);


--
-- Name: core_feedback_id_seq; Type: SEQUENCE SET; Schema: public; Owner: maxcreative
--

SELECT pg_catalog.setval('public.core_feedback_id_seq', 7, true);


--
-- Name: core_feedbacktr_id_seq; Type: SEQUENCE SET; Schema: public; Owner: maxcreative
--

SELECT pg_catalog.setval('public.core_feedbacktr_id_seq', 1, false);


--
-- Name: core_general_id_seq; Type: SEQUENCE SET; Schema: public; Owner: maxcreative
--

SELECT pg_catalog.setval('public.core_general_id_seq', 1, true);


--
-- Name: core_head_id_seq; Type: SEQUENCE SET; Schema: public; Owner: maxcreative
--

SELECT pg_catalog.setval('public.core_head_id_seq', 1, true);


--
-- Name: core_parametr_id_seq; Type: SEQUENCE SET; Schema: public; Owner: maxcreative
--

SELECT pg_catalog.setval('public.core_parametr_id_seq', 2, true);


--
-- Name: core_slider_id_seq; Type: SEQUENCE SET; Schema: public; Owner: maxcreative
--

SELECT pg_catalog.setval('public.core_slider_id_seq', 8, true);


--
-- Name: core_slidertr_id_seq; Type: SEQUENCE SET; Schema: public; Owner: maxcreative
--

SELECT pg_catalog.setval('public.core_slidertr_id_seq', 1, true);


--
-- Name: core_social_id_seq; Type: SEQUENCE SET; Schema: public; Owner: maxcreative
--

SELECT pg_catalog.setval('public.core_social_id_seq', 6, true);


--
-- Name: core_tablar_id_seq; Type: SEQUENCE SET; Schema: public; Owner: maxcreative
--

SELECT pg_catalog.setval('public.core_tablar_id_seq', 1, false);


--
-- Name: core_why_id_seq; Type: SEQUENCE SET; Schema: public; Owner: maxcreative
--

SELECT pg_catalog.setval('public.core_why_id_seq', 4, true);


--
-- Name: django_admin_log_id_seq; Type: SEQUENCE SET; Schema: public; Owner: maxcreative
--

SELECT pg_catalog.setval('public.django_admin_log_id_seq', 516, true);


--
-- Name: django_content_type_id_seq; Type: SEQUENCE SET; Schema: public; Owner: maxcreative
--

SELECT pg_catalog.setval('public.django_content_type_id_seq', 52, true);


--
-- Name: django_migrations_id_seq; Type: SEQUENCE SET; Schema: public; Owner: maxcreative
--

SELECT pg_catalog.setval('public.django_migrations_id_seq', 120, true);


--
-- Name: django_summernote_attachment_id_seq; Type: SEQUENCE SET; Schema: public; Owner: maxcreative
--

SELECT pg_catalog.setval('public.django_summernote_attachment_id_seq', 1, false);


--
-- Name: offer_image_id_seq; Type: SEQUENCE SET; Schema: public; Owner: maxcreative
--

SELECT pg_catalog.setval('public.offer_image_id_seq', 191, true);


--
-- Name: offer_message_id_seq; Type: SEQUENCE SET; Schema: public; Owner: maxcreative
--

SELECT pg_catalog.setval('public.offer_message_id_seq', 15, true);


--
-- Name: offer_offer_id_seq; Type: SEQUENCE SET; Schema: public; Owner: maxcreative
--

SELECT pg_catalog.setval('public.offer_offer_id_seq', 11, true);


--
-- Name: statik_advantagesection_id_seq; Type: SEQUENCE SET; Schema: public; Owner: maxcreative
--

SELECT pg_catalog.setval('public.statik_advantagesection_id_seq', 1, true);


--
-- Name: statik_coffeesection_id_seq; Type: SEQUENCE SET; Schema: public; Owner: maxcreative
--

SELECT pg_catalog.setval('public.statik_coffeesection_id_seq', 1, true);


--
-- Name: statik_feedbacksection_id_seq; Type: SEQUENCE SET; Schema: public; Owner: maxcreative
--

SELECT pg_catalog.setval('public.statik_feedbacksection_id_seq', 1, true);


--
-- Name: statik_form1_id_seq; Type: SEQUENCE SET; Schema: public; Owner: maxcreative
--

SELECT pg_catalog.setval('public.statik_form1_id_seq', 1, true);


--
-- Name: statik_form2_id_seq; Type: SEQUENCE SET; Schema: public; Owner: maxcreative
--

SELECT pg_catalog.setval('public.statik_form2_id_seq', 1, true);


--
-- Name: statik_form3_id_seq; Type: SEQUENCE SET; Schema: public; Owner: maxcreative
--

SELECT pg_catalog.setval('public.statik_form3_id_seq', 1, true);


--
-- Name: statik_form4_id_seq; Type: SEQUENCE SET; Schema: public; Owner: maxcreative
--

SELECT pg_catalog.setval('public.statik_form4_id_seq', 1, true);


--
-- Name: statik_formsection_id_seq; Type: SEQUENCE SET; Schema: public; Owner: maxcreative
--

SELECT pg_catalog.setval('public.statik_formsection_id_seq', 1, true);


--
-- Name: statik_gelirihesablabanner_id_seq; Type: SEQUENCE SET; Schema: public; Owner: maxcreative
--

SELECT pg_catalog.setval('public.statik_gelirihesablabanner_id_seq', 1, true);


--
-- Name: statik_getconsultationsection_id_seq; Type: SEQUENCE SET; Schema: public; Owner: maxcreative
--

SELECT pg_catalog.setval('public.statik_getconsultationsection_id_seq', 1, true);


--
-- Name: statik_mainsection_id_seq; Type: SEQUENCE SET; Schema: public; Owner: maxcreative
--

SELECT pg_catalog.setval('public.statik_mainsection_id_seq', 1, true);


--
-- Name: statik_muzakireedek_id_seq; Type: SEQUENCE SET; Schema: public; Owner: maxcreative
--

SELECT pg_catalog.setval('public.statik_muzakireedek_id_seq', 1, true);


--
-- Name: statik_niyesecirler_id_seq; Type: SEQUENCE SET; Schema: public; Owner: maxcreative
--

SELECT pg_catalog.setval('public.statik_niyesecirler_id_seq', 1, true);


--
-- Name: statik_offerssection_id_seq; Type: SEQUENCE SET; Schema: public; Owner: maxcreative
--

SELECT pg_catalog.setval('public.statik_offerssection_id_seq', 1, true);


--
-- Name: statik_pages_id_seq; Type: SEQUENCE SET; Schema: public; Owner: maxcreative
--

SELECT pg_catalog.setval('public.statik_pages_id_seq', 1, true);


--
-- Name: statik_processessection_id_seq; Type: SEQUENCE SET; Schema: public; Owner: maxcreative
--

SELECT pg_catalog.setval('public.statik_processessection_id_seq', 1, true);


--
-- Name: statik_punktlar_id_seq; Type: SEQUENCE SET; Schema: public; Owner: maxcreative
--

SELECT pg_catalog.setval('public.statik_punktlar_id_seq', 6, true);


--
-- Name: statik_slidersection_id_seq; Type: SEQUENCE SET; Schema: public; Owner: maxcreative
--

SELECT pg_catalog.setval('public.statik_slidersection_id_seq', 1, true);


--
-- Name: statik_smartinvest_id_seq; Type: SEQUENCE SET; Schema: public; Owner: maxcreative
--

SELECT pg_catalog.setval('public.statik_smartinvest_id_seq', 1, true);


--
-- Name: statik_sortingsections_id_seq; Type: SEQUENCE SET; Schema: public; Owner: maxcreative
--

SELECT pg_catalog.setval('public.statik_sortingsections_id_seq', 1, false);


--
-- Name: statik_suallar_id_seq; Type: SEQUENCE SET; Schema: public; Owner: maxcreative
--

SELECT pg_catalog.setval('public.statik_suallar_id_seq', 6, true);


--
-- Name: statik_whysection_id_seq; Type: SEQUENCE SET; Schema: public; Owner: maxcreative
--

SELECT pg_catalog.setval('public.statik_whysection_id_seq', 1, true);


--
-- Name: auth_group auth_group_name_key; Type: CONSTRAINT; Schema: public; Owner: maxcreative
--

ALTER TABLE ONLY public.auth_group
    ADD CONSTRAINT auth_group_name_key UNIQUE (name);


--
-- Name: auth_group_permissions auth_group_permissions_group_id_permission_id_0cd325b0_uniq; Type: CONSTRAINT; Schema: public; Owner: maxcreative
--

ALTER TABLE ONLY public.auth_group_permissions
    ADD CONSTRAINT auth_group_permissions_group_id_permission_id_0cd325b0_uniq UNIQUE (group_id, permission_id);


--
-- Name: auth_group_permissions auth_group_permissions_pkey; Type: CONSTRAINT; Schema: public; Owner: maxcreative
--

ALTER TABLE ONLY public.auth_group_permissions
    ADD CONSTRAINT auth_group_permissions_pkey PRIMARY KEY (id);


--
-- Name: auth_group auth_group_pkey; Type: CONSTRAINT; Schema: public; Owner: maxcreative
--

ALTER TABLE ONLY public.auth_group
    ADD CONSTRAINT auth_group_pkey PRIMARY KEY (id);


--
-- Name: auth_permission auth_permission_content_type_id_codename_01ab375a_uniq; Type: CONSTRAINT; Schema: public; Owner: maxcreative
--

ALTER TABLE ONLY public.auth_permission
    ADD CONSTRAINT auth_permission_content_type_id_codename_01ab375a_uniq UNIQUE (content_type_id, codename);


--
-- Name: auth_permission auth_permission_pkey; Type: CONSTRAINT; Schema: public; Owner: maxcreative
--

ALTER TABLE ONLY public.auth_permission
    ADD CONSTRAINT auth_permission_pkey PRIMARY KEY (id);


--
-- Name: auth_user_groups auth_user_groups_pkey; Type: CONSTRAINT; Schema: public; Owner: maxcreative
--

ALTER TABLE ONLY public.auth_user_groups
    ADD CONSTRAINT auth_user_groups_pkey PRIMARY KEY (id);


--
-- Name: auth_user_groups auth_user_groups_user_id_group_id_94350c0c_uniq; Type: CONSTRAINT; Schema: public; Owner: maxcreative
--

ALTER TABLE ONLY public.auth_user_groups
    ADD CONSTRAINT auth_user_groups_user_id_group_id_94350c0c_uniq UNIQUE (user_id, group_id);


--
-- Name: auth_user auth_user_pkey; Type: CONSTRAINT; Schema: public; Owner: maxcreative
--

ALTER TABLE ONLY public.auth_user
    ADD CONSTRAINT auth_user_pkey PRIMARY KEY (id);


--
-- Name: auth_user_user_permissions auth_user_user_permissions_pkey; Type: CONSTRAINT; Schema: public; Owner: maxcreative
--

ALTER TABLE ONLY public.auth_user_user_permissions
    ADD CONSTRAINT auth_user_user_permissions_pkey PRIMARY KEY (id);


--
-- Name: auth_user_user_permissions auth_user_user_permissions_user_id_permission_id_14a6b632_uniq; Type: CONSTRAINT; Schema: public; Owner: maxcreative
--

ALTER TABLE ONLY public.auth_user_user_permissions
    ADD CONSTRAINT auth_user_user_permissions_user_id_permission_id_14a6b632_uniq UNIQUE (user_id, permission_id);


--
-- Name: auth_user auth_user_username_key; Type: CONSTRAINT; Schema: public; Owner: maxcreative
--

ALTER TABLE ONLY public.auth_user
    ADD CONSTRAINT auth_user_username_key UNIQUE (username);


--
-- Name: contact_contact contact_contact_pkey; Type: CONSTRAINT; Schema: public; Owner: maxcreative
--

ALTER TABLE ONLY public.contact_contact
    ADD CONSTRAINT contact_contact_pkey PRIMARY KEY (id);


--
-- Name: contact_vebinar contact_vebinar_pkey; Type: CONSTRAINT; Schema: public; Owner: maxcreative
--

ALTER TABLE ONLY public.contact_vebinar
    ADD CONSTRAINT contact_vebinar_pkey PRIMARY KEY (id);


--
-- Name: contact_waitlist contact_waitlist_pkey; Type: CONSTRAINT; Schema: public; Owner: maxcreative
--

ALTER TABLE ONLY public.contact_waitlist
    ADD CONSTRAINT contact_waitlist_pkey PRIMARY KEY (id);


--
-- Name: core_body core_body_pkey; Type: CONSTRAINT; Schema: public; Owner: maxcreative
--

ALTER TABLE ONLY public.core_body
    ADD CONSTRAINT core_body_pkey PRIMARY KEY (id);


--
-- Name: core_calendlyscript core_calendlyscript_pkey; Type: CONSTRAINT; Schema: public; Owner: maxcreative
--

ALTER TABLE ONLY public.core_calendlyscript
    ADD CONSTRAINT core_calendlyscript_pkey PRIMARY KEY (id);


--
-- Name: core_faq core_faq_pkey; Type: CONSTRAINT; Schema: public; Owner: maxcreative
--

ALTER TABLE ONLY public.core_faq
    ADD CONSTRAINT core_faq_pkey PRIMARY KEY (id);


--
-- Name: core_feature core_feature_pkey; Type: CONSTRAINT; Schema: public; Owner: maxcreative
--

ALTER TABLE ONLY public.core_feature
    ADD CONSTRAINT core_feature_pkey PRIMARY KEY (id);


--
-- Name: core_feedback core_feedback_pkey; Type: CONSTRAINT; Schema: public; Owner: maxcreative
--

ALTER TABLE ONLY public.core_feedback
    ADD CONSTRAINT core_feedback_pkey PRIMARY KEY (id);


--
-- Name: core_feedbacktr core_feedbacktr_pkey; Type: CONSTRAINT; Schema: public; Owner: maxcreative
--

ALTER TABLE ONLY public.core_feedbacktr
    ADD CONSTRAINT core_feedbacktr_pkey PRIMARY KEY (id);


--
-- Name: core_general core_general_pkey; Type: CONSTRAINT; Schema: public; Owner: maxcreative
--

ALTER TABLE ONLY public.core_general
    ADD CONSTRAINT core_general_pkey PRIMARY KEY (id);


--
-- Name: core_head core_head_pkey; Type: CONSTRAINT; Schema: public; Owner: maxcreative
--

ALTER TABLE ONLY public.core_head
    ADD CONSTRAINT core_head_pkey PRIMARY KEY (id);


--
-- Name: core_parametr core_parametr_pkey; Type: CONSTRAINT; Schema: public; Owner: maxcreative
--

ALTER TABLE ONLY public.core_parametr
    ADD CONSTRAINT core_parametr_pkey PRIMARY KEY (id);


--
-- Name: core_slider core_slider_pkey; Type: CONSTRAINT; Schema: public; Owner: maxcreative
--

ALTER TABLE ONLY public.core_slider
    ADD CONSTRAINT core_slider_pkey PRIMARY KEY (id);


--
-- Name: core_slidertr core_slidertr_pkey; Type: CONSTRAINT; Schema: public; Owner: maxcreative
--

ALTER TABLE ONLY public.core_slidertr
    ADD CONSTRAINT core_slidertr_pkey PRIMARY KEY (id);


--
-- Name: core_social core_social_pkey; Type: CONSTRAINT; Schema: public; Owner: maxcreative
--

ALTER TABLE ONLY public.core_social
    ADD CONSTRAINT core_social_pkey PRIMARY KEY (id);


--
-- Name: core_tablar core_tablar_pkey; Type: CONSTRAINT; Schema: public; Owner: maxcreative
--

ALTER TABLE ONLY public.core_tablar
    ADD CONSTRAINT core_tablar_pkey PRIMARY KEY (id);


--
-- Name: core_why core_why_pkey; Type: CONSTRAINT; Schema: public; Owner: maxcreative
--

ALTER TABLE ONLY public.core_why
    ADD CONSTRAINT core_why_pkey PRIMARY KEY (id);


--
-- Name: django_admin_log django_admin_log_pkey; Type: CONSTRAINT; Schema: public; Owner: maxcreative
--

ALTER TABLE ONLY public.django_admin_log
    ADD CONSTRAINT django_admin_log_pkey PRIMARY KEY (id);


--
-- Name: django_content_type django_content_type_app_label_model_76bd3d3b_uniq; Type: CONSTRAINT; Schema: public; Owner: maxcreative
--

ALTER TABLE ONLY public.django_content_type
    ADD CONSTRAINT django_content_type_app_label_model_76bd3d3b_uniq UNIQUE (app_label, model);


--
-- Name: django_content_type django_content_type_pkey; Type: CONSTRAINT; Schema: public; Owner: maxcreative
--

ALTER TABLE ONLY public.django_content_type
    ADD CONSTRAINT django_content_type_pkey PRIMARY KEY (id);


--
-- Name: django_migrations django_migrations_pkey; Type: CONSTRAINT; Schema: public; Owner: maxcreative
--

ALTER TABLE ONLY public.django_migrations
    ADD CONSTRAINT django_migrations_pkey PRIMARY KEY (id);


--
-- Name: django_session django_session_pkey; Type: CONSTRAINT; Schema: public; Owner: maxcreative
--

ALTER TABLE ONLY public.django_session
    ADD CONSTRAINT django_session_pkey PRIMARY KEY (session_key);


--
-- Name: django_summernote_attachment django_summernote_attachment_pkey; Type: CONSTRAINT; Schema: public; Owner: maxcreative
--

ALTER TABLE ONLY public.django_summernote_attachment
    ADD CONSTRAINT django_summernote_attachment_pkey PRIMARY KEY (id);


--
-- Name: offer_image offer_image_pkey; Type: CONSTRAINT; Schema: public; Owner: maxcreative
--

ALTER TABLE ONLY public.offer_image
    ADD CONSTRAINT offer_image_pkey PRIMARY KEY (id);


--
-- Name: offer_message offer_message_pkey; Type: CONSTRAINT; Schema: public; Owner: maxcreative
--

ALTER TABLE ONLY public.offer_message
    ADD CONSTRAINT offer_message_pkey PRIMARY KEY (id);


--
-- Name: offer_offer offer_offer_pkey; Type: CONSTRAINT; Schema: public; Owner: maxcreative
--

ALTER TABLE ONLY public.offer_offer
    ADD CONSTRAINT offer_offer_pkey PRIMARY KEY (id);


--
-- Name: statik_advantagesection statik_advantagesection_pkey; Type: CONSTRAINT; Schema: public; Owner: maxcreative
--

ALTER TABLE ONLY public.statik_advantagesection
    ADD CONSTRAINT statik_advantagesection_pkey PRIMARY KEY (id);


--
-- Name: statik_coffeesection statik_coffeesection_pkey; Type: CONSTRAINT; Schema: public; Owner: maxcreative
--

ALTER TABLE ONLY public.statik_coffeesection
    ADD CONSTRAINT statik_coffeesection_pkey PRIMARY KEY (id);


--
-- Name: statik_feedbacksection statik_feedbacksection_pkey; Type: CONSTRAINT; Schema: public; Owner: maxcreative
--

ALTER TABLE ONLY public.statik_feedbacksection
    ADD CONSTRAINT statik_feedbacksection_pkey PRIMARY KEY (id);


--
-- Name: statik_form1 statik_form1_pkey; Type: CONSTRAINT; Schema: public; Owner: maxcreative
--

ALTER TABLE ONLY public.statik_form1
    ADD CONSTRAINT statik_form1_pkey PRIMARY KEY (id);


--
-- Name: statik_form2 statik_form2_pkey; Type: CONSTRAINT; Schema: public; Owner: maxcreative
--

ALTER TABLE ONLY public.statik_form2
    ADD CONSTRAINT statik_form2_pkey PRIMARY KEY (id);


--
-- Name: statik_form3 statik_form3_pkey; Type: CONSTRAINT; Schema: public; Owner: maxcreative
--

ALTER TABLE ONLY public.statik_form3
    ADD CONSTRAINT statik_form3_pkey PRIMARY KEY (id);


--
-- Name: statik_form4 statik_form4_pkey; Type: CONSTRAINT; Schema: public; Owner: maxcreative
--

ALTER TABLE ONLY public.statik_form4
    ADD CONSTRAINT statik_form4_pkey PRIMARY KEY (id);


--
-- Name: statik_formsection statik_formsection_pkey; Type: CONSTRAINT; Schema: public; Owner: maxcreative
--

ALTER TABLE ONLY public.statik_formsection
    ADD CONSTRAINT statik_formsection_pkey PRIMARY KEY (id);


--
-- Name: statik_gelirihesablabanner statik_gelirihesablabanner_pkey; Type: CONSTRAINT; Schema: public; Owner: maxcreative
--

ALTER TABLE ONLY public.statik_gelirihesablabanner
    ADD CONSTRAINT statik_gelirihesablabanner_pkey PRIMARY KEY (id);


--
-- Name: statik_getconsultationsection statik_getconsultationsection_pkey; Type: CONSTRAINT; Schema: public; Owner: maxcreative
--

ALTER TABLE ONLY public.statik_getconsultationsection
    ADD CONSTRAINT statik_getconsultationsection_pkey PRIMARY KEY (id);


--
-- Name: statik_mainsection statik_mainsection_pkey; Type: CONSTRAINT; Schema: public; Owner: maxcreative
--

ALTER TABLE ONLY public.statik_mainsection
    ADD CONSTRAINT statik_mainsection_pkey PRIMARY KEY (id);


--
-- Name: statik_muzakireedek statik_muzakireedek_pkey; Type: CONSTRAINT; Schema: public; Owner: maxcreative
--

ALTER TABLE ONLY public.statik_muzakireedek
    ADD CONSTRAINT statik_muzakireedek_pkey PRIMARY KEY (id);


--
-- Name: statik_niyesecirler statik_niyesecirler_pkey; Type: CONSTRAINT; Schema: public; Owner: maxcreative
--

ALTER TABLE ONLY public.statik_niyesecirler
    ADD CONSTRAINT statik_niyesecirler_pkey PRIMARY KEY (id);


--
-- Name: statik_offerssection statik_offerssection_pkey; Type: CONSTRAINT; Schema: public; Owner: maxcreative
--

ALTER TABLE ONLY public.statik_offerssection
    ADD CONSTRAINT statik_offerssection_pkey PRIMARY KEY (id);


--
-- Name: statik_pages statik_pages_pkey; Type: CONSTRAINT; Schema: public; Owner: maxcreative
--

ALTER TABLE ONLY public.statik_pages
    ADD CONSTRAINT statik_pages_pkey PRIMARY KEY (id);


--
-- Name: statik_processessection statik_processessection_pkey; Type: CONSTRAINT; Schema: public; Owner: maxcreative
--

ALTER TABLE ONLY public.statik_processessection
    ADD CONSTRAINT statik_processessection_pkey PRIMARY KEY (id);


--
-- Name: statik_punktlar statik_punktlar_pkey; Type: CONSTRAINT; Schema: public; Owner: maxcreative
--

ALTER TABLE ONLY public.statik_punktlar
    ADD CONSTRAINT statik_punktlar_pkey PRIMARY KEY (id);


--
-- Name: statik_slidersection statik_slidersection_pkey; Type: CONSTRAINT; Schema: public; Owner: maxcreative
--

ALTER TABLE ONLY public.statik_slidersection
    ADD CONSTRAINT statik_slidersection_pkey PRIMARY KEY (id);


--
-- Name: statik_smartinvest statik_smartinvest_pkey; Type: CONSTRAINT; Schema: public; Owner: maxcreative
--

ALTER TABLE ONLY public.statik_smartinvest
    ADD CONSTRAINT statik_smartinvest_pkey PRIMARY KEY (id);


--
-- Name: statik_sortingsections statik_sortingsections_pkey; Type: CONSTRAINT; Schema: public; Owner: maxcreative
--

ALTER TABLE ONLY public.statik_sortingsections
    ADD CONSTRAINT statik_sortingsections_pkey PRIMARY KEY (id);


--
-- Name: statik_suallar statik_suallar_pkey; Type: CONSTRAINT; Schema: public; Owner: maxcreative
--

ALTER TABLE ONLY public.statik_suallar
    ADD CONSTRAINT statik_suallar_pkey PRIMARY KEY (id);


--
-- Name: statik_whysection statik_whysection_pkey; Type: CONSTRAINT; Schema: public; Owner: maxcreative
--

ALTER TABLE ONLY public.statik_whysection
    ADD CONSTRAINT statik_whysection_pkey PRIMARY KEY (id);


--
-- Name: auth_group_name_a6ea08ec_like; Type: INDEX; Schema: public; Owner: maxcreative
--

CREATE INDEX auth_group_name_a6ea08ec_like ON public.auth_group USING btree (name varchar_pattern_ops);


--
-- Name: auth_group_permissions_group_id_b120cbf9; Type: INDEX; Schema: public; Owner: maxcreative
--

CREATE INDEX auth_group_permissions_group_id_b120cbf9 ON public.auth_group_permissions USING btree (group_id);


--
-- Name: auth_group_permissions_permission_id_84c5c92e; Type: INDEX; Schema: public; Owner: maxcreative
--

CREATE INDEX auth_group_permissions_permission_id_84c5c92e ON public.auth_group_permissions USING btree (permission_id);


--
-- Name: auth_permission_content_type_id_2f476e4b; Type: INDEX; Schema: public; Owner: maxcreative
--

CREATE INDEX auth_permission_content_type_id_2f476e4b ON public.auth_permission USING btree (content_type_id);


--
-- Name: auth_user_groups_group_id_97559544; Type: INDEX; Schema: public; Owner: maxcreative
--

CREATE INDEX auth_user_groups_group_id_97559544 ON public.auth_user_groups USING btree (group_id);


--
-- Name: auth_user_groups_user_id_6a12ed8b; Type: INDEX; Schema: public; Owner: maxcreative
--

CREATE INDEX auth_user_groups_user_id_6a12ed8b ON public.auth_user_groups USING btree (user_id);


--
-- Name: auth_user_user_permissions_permission_id_1fbb5f2c; Type: INDEX; Schema: public; Owner: maxcreative
--

CREATE INDEX auth_user_user_permissions_permission_id_1fbb5f2c ON public.auth_user_user_permissions USING btree (permission_id);


--
-- Name: auth_user_user_permissions_user_id_a95ead1b; Type: INDEX; Schema: public; Owner: maxcreative
--

CREATE INDEX auth_user_user_permissions_user_id_a95ead1b ON public.auth_user_user_permissions USING btree (user_id);


--
-- Name: auth_user_username_6821ab7c_like; Type: INDEX; Schema: public; Owner: maxcreative
--

CREATE INDEX auth_user_username_6821ab7c_like ON public.auth_user USING btree (username varchar_pattern_ops);


--
-- Name: django_admin_log_content_type_id_c4bce8eb; Type: INDEX; Schema: public; Owner: maxcreative
--

CREATE INDEX django_admin_log_content_type_id_c4bce8eb ON public.django_admin_log USING btree (content_type_id);


--
-- Name: django_admin_log_user_id_c564eba6; Type: INDEX; Schema: public; Owner: maxcreative
--

CREATE INDEX django_admin_log_user_id_c564eba6 ON public.django_admin_log USING btree (user_id);


--
-- Name: django_session_expire_date_a5c62663; Type: INDEX; Schema: public; Owner: maxcreative
--

CREATE INDEX django_session_expire_date_a5c62663 ON public.django_session USING btree (expire_date);


--
-- Name: django_session_session_key_c0390e0f_like; Type: INDEX; Schema: public; Owner: maxcreative
--

CREATE INDEX django_session_session_key_c0390e0f_like ON public.django_session USING btree (session_key varchar_pattern_ops);


--
-- Name: offer_image_offer_id_b08b81c2; Type: INDEX; Schema: public; Owner: maxcreative
--

CREATE INDEX offer_image_offer_id_b08b81c2 ON public.offer_image USING btree (offer_id);


--
-- Name: statik_punktlar_m_id_9c6a625e; Type: INDEX; Schema: public; Owner: maxcreative
--

CREATE INDEX statik_punktlar_m_id_9c6a625e ON public.statik_punktlar USING btree (m_id);


--
-- Name: auth_group_permissions auth_group_permissio_permission_id_84c5c92e_fk_auth_perm; Type: FK CONSTRAINT; Schema: public; Owner: maxcreative
--

ALTER TABLE ONLY public.auth_group_permissions
    ADD CONSTRAINT auth_group_permissio_permission_id_84c5c92e_fk_auth_perm FOREIGN KEY (permission_id) REFERENCES public.auth_permission(id) DEFERRABLE INITIALLY DEFERRED;


--
-- Name: auth_group_permissions auth_group_permissions_group_id_b120cbf9_fk_auth_group_id; Type: FK CONSTRAINT; Schema: public; Owner: maxcreative
--

ALTER TABLE ONLY public.auth_group_permissions
    ADD CONSTRAINT auth_group_permissions_group_id_b120cbf9_fk_auth_group_id FOREIGN KEY (group_id) REFERENCES public.auth_group(id) DEFERRABLE INITIALLY DEFERRED;


--
-- Name: auth_permission auth_permission_content_type_id_2f476e4b_fk_django_co; Type: FK CONSTRAINT; Schema: public; Owner: maxcreative
--

ALTER TABLE ONLY public.auth_permission
    ADD CONSTRAINT auth_permission_content_type_id_2f476e4b_fk_django_co FOREIGN KEY (content_type_id) REFERENCES public.django_content_type(id) DEFERRABLE INITIALLY DEFERRED;


--
-- Name: auth_user_groups auth_user_groups_group_id_97559544_fk_auth_group_id; Type: FK CONSTRAINT; Schema: public; Owner: maxcreative
--

ALTER TABLE ONLY public.auth_user_groups
    ADD CONSTRAINT auth_user_groups_group_id_97559544_fk_auth_group_id FOREIGN KEY (group_id) REFERENCES public.auth_group(id) DEFERRABLE INITIALLY DEFERRED;


--
-- Name: auth_user_groups auth_user_groups_user_id_6a12ed8b_fk_auth_user_id; Type: FK CONSTRAINT; Schema: public; Owner: maxcreative
--

ALTER TABLE ONLY public.auth_user_groups
    ADD CONSTRAINT auth_user_groups_user_id_6a12ed8b_fk_auth_user_id FOREIGN KEY (user_id) REFERENCES public.auth_user(id) DEFERRABLE INITIALLY DEFERRED;


--
-- Name: auth_user_user_permissions auth_user_user_permi_permission_id_1fbb5f2c_fk_auth_perm; Type: FK CONSTRAINT; Schema: public; Owner: maxcreative
--

ALTER TABLE ONLY public.auth_user_user_permissions
    ADD CONSTRAINT auth_user_user_permi_permission_id_1fbb5f2c_fk_auth_perm FOREIGN KEY (permission_id) REFERENCES public.auth_permission(id) DEFERRABLE INITIALLY DEFERRED;


--
-- Name: auth_user_user_permissions auth_user_user_permissions_user_id_a95ead1b_fk_auth_user_id; Type: FK CONSTRAINT; Schema: public; Owner: maxcreative
--

ALTER TABLE ONLY public.auth_user_user_permissions
    ADD CONSTRAINT auth_user_user_permissions_user_id_a95ead1b_fk_auth_user_id FOREIGN KEY (user_id) REFERENCES public.auth_user(id) DEFERRABLE INITIALLY DEFERRED;


--
-- Name: django_admin_log django_admin_log_content_type_id_c4bce8eb_fk_django_co; Type: FK CONSTRAINT; Schema: public; Owner: maxcreative
--

ALTER TABLE ONLY public.django_admin_log
    ADD CONSTRAINT django_admin_log_content_type_id_c4bce8eb_fk_django_co FOREIGN KEY (content_type_id) REFERENCES public.django_content_type(id) DEFERRABLE INITIALLY DEFERRED;


--
-- Name: django_admin_log django_admin_log_user_id_c564eba6_fk_auth_user_id; Type: FK CONSTRAINT; Schema: public; Owner: maxcreative
--

ALTER TABLE ONLY public.django_admin_log
    ADD CONSTRAINT django_admin_log_user_id_c564eba6_fk_auth_user_id FOREIGN KEY (user_id) REFERENCES public.auth_user(id) DEFERRABLE INITIALLY DEFERRED;


--
-- Name: offer_image offer_image_offer_id_b08b81c2_fk_offer_offer_id; Type: FK CONSTRAINT; Schema: public; Owner: maxcreative
--

ALTER TABLE ONLY public.offer_image
    ADD CONSTRAINT offer_image_offer_id_b08b81c2_fk_offer_offer_id FOREIGN KEY (offer_id) REFERENCES public.offer_offer(id) DEFERRABLE INITIALLY DEFERRED;


--
-- Name: statik_punktlar statik_punktlar_m_id_9c6a625e_fk_statik_muzakireedek_id; Type: FK CONSTRAINT; Schema: public; Owner: maxcreative
--

ALTER TABLE ONLY public.statik_punktlar
    ADD CONSTRAINT statik_punktlar_m_id_9c6a625e_fk_statik_muzakireedek_id FOREIGN KEY (m_id) REFERENCES public.statik_muzakireedek(id) DEFERRABLE INITIALLY DEFERRED;


--
-- PostgreSQL database dump complete
--

